ISO,Rank2020,FR_Country,EN_country,ES_country,Score A,Sco Exa,Score 2020,Progression RANK,Rank 2019,Score 2019,Zone,AR_country,FA_country,,,,,Countries,Score 2020
AFG,122,Afghanistan,Afghanistan,Afganistàn,"31,83","611,589,213",37.7,-1,121,36.55,Asie-Pacifique,أفغانستان,افغانستان,,,,,Afghanistan,37.7
AGO,106,Angola,Angola,Angola,"33,92","109,861,229",33.92,3,109,34.96,Afrique,أنغولا,آنگولا,,,,,Angola,33.92
ALB,84,Albanie,Albania,Albania,"30,01","194,591,015",30.25,-2,82,29.84,UE Balkans,ألبانيا,آلبانی,,,,,Albania,30.25
AND,37,Andorre,Andorra,Andorra,"23,23",0,23.23,0,37,24.63,UE Balkans,أندورا,آندور,,,,,Andorra,23.23
ARE,131,Émirats arabes unis,United Arab Emirates,Emiratos çrabes Unidos,"41,1","490,527,478",42.69,2,133,43.63,MENA,الإمارات العربية المتحدة,امارات متحده عربی,,,,,United Arab Emirates,42.69
ARG,64,Argentine,Argentina,Argentina,"28,78",0,28.78,-7,57,28.3,Amériques,الأرجنتين,آرژانتین,,,,,Argentina,28.78
ARM,61,Arménie,Armenia,Armenia,"28,6",0,28.6,0,61,28.98,EEAC,أرمينيا,ارمنستان,,,,,Armenia,28.6
AUS,26,Australie,Australia,Australia,"20,21","160,943,791",20.21,-5,21,16.55,Asie-Pacifique,أستراليا,استرالیا,,,,,Australia,20.21
AUT,18,Autriche,Austria,Austria,"15,78",0,15.78,-2,16,15.33,UE Balkans,النمسا,اتریش,,,,,Austria,15.78
AZE,168,Azerbaïdjan,Azerbaijan,Azerbaiyàn,"57,13","580,814,249",58.48,-2,166,59.13,EEAC,أذربيجان,آذربایجان,,,,,Azerbaijan,58.48
BDI,160,Burundi,Burundi,Burundi,"55,33","283,321,334",55.33,-1,159,52.89,Afrique,بوروندي,بروندی,,,,,Burundi,55.33
BEL,12,Belgique,Belgium,Bélgica,"12,57",0,12.57,-3,9,12.07,UE Balkans,بلجيكا,بلژیک,,,,,Belgium,12.57
BEN,113,Bénin,Benin,Benín,"35,11",0,35.11,-17,96,31.74,Afrique,بنين,بنین,,,,,Benin,35.11
BFA,38,Burkina Faso,Burkina Faso,Burkina Faso,"23,47",0,23.47,-2,36,24.53,Afrique,بوركينا فاسو,بورکینافاسو,,,,,Burkina Faso,23.47
BGD,151,Bangladesh,Bangladesh,Bangladés,"49,37","34,339,872",49.37,-1,150,50.74,Asie-Pacifique,بنغلاديش,بنگلادش,,,,,Bangladesh,49.37
BGR,111,Bulgarie,Bulgaria,Bulgaria,"35,06",0,35.06,0,111,35.11,UE Balkans,بلغاريا,بلغارستان,,,,,Bulgaria,35.06
BHR,169,Bahreïn,Bahrain,Baréin,"60,13","219,722,458",60.13,-2,167,61.31,MENA,البحرين,بحرین,,,,,Bahrain,60.13
BIH,58,Bosnie-Herzégovine,Bosnia and Herzegovina,Bosnia-Herzegovina,"28,51",0,28.51,5,63,29.02,UE Balkans,البوسنة والهرسك,بوسنی هرزوگوین,,,,,Bosnia and Herzegovina,28.51
BLR,153,Bélarus,Belarus,Bielorrusia,"49,75",0,49.75,0,153,51.66,EEAC,روسيا البيضاء,روسیه سفید,,,,,Belarus,49.75
BLZ,53,Bélize,Belize,Belice,"27,5",0,27.5,0,53,27.5,Amériques,بليز,بلیز,,,,,Belize,27.5
BOL,114,Bolivie,Bolivia,Bolivia,"35,37","160,943,791",35.37,-1,113,35.38,Amériques,بوليفيا,بلیوی,,,,,Bolivia,35.37
BRA,107,Brésil,Brazil,Brasil,"33,92","263,905,733",34.05,-2,105,32.79,Amériques,البرازيل,برزیل,,,,,Brazil,34.05
BRN,152,Brunei,Brunei Darussalam,Brunéi,"49,65",0,49.65,0,152,51.48,Asie-Pacifique,بروناي,برونی,,,,,Brunei Darussalam,49.65
BTN,67,Bhoutan,Bhutan,Butàn,"28,9",0,28.9,13,80,29.81,Asie-Pacifique,بوتان,بوتان,,,,,Bhutan,28.9
BWA,39,Botswana,Botswana,Botsuana,"23,56",0,23.56,5,44,25.09,Afrique,بوتسوانا,بوستاوانا,,,,,Botswana,23.56
CAF,132,République centrafricaine,Central African Republic,Repœblica Centroafricana,"42,87","109,861,229",42.87,13,145,47.27,Afrique,جمهورية أفريقيا الوسطى,جمهوری آفریقای مرکزی,,,,,Central African Republic,42.87
CAN,16,Canada,Canada,Canadà,"15,29",0,15.29,2,18,15.69,Amériques,كندا,کانادا,,,,,Canada,15.29
CHE,8,Suisse,Switzerland,Suiza,"10,62",0,10.62,-2,6,10.52,UE Balkans,سويسرا,سويیس,,,,,Switzerland,10.62
CHL,51,Chili,Chile,Chile,"27,31","138,629,436",27.31,-5,46,25.65,Amériques,تشيلي,شیلی,,,,,Chile,27.31
CHN,177,Chine,China,China,"76,68","804,334,217",78.48,0,177,78.92,Asie-Pacifique,الصين,چین,,,,,China,78.48
CIV,68,Côte d'Ivoire,Ivory Coast,Costa de Marfil,"28,94","160,943,791",28.94,3,71,29.52,Afrique,ساحل العاج,ساحل عاج,,,,,Ivory Coast,28.94
CMR,134,Cameroun,Cameroon,Camerœn,"43,17","373,766,962",43.28,-3,131,43.32,Afrique,الكاميرون,کامرون,,,,,Cameroon,43.28
COD,150,RD Congo,The Democratic Republic Of The Congo,RD Congo,"48,57","479,579,055",49.09,4,154,51.71,Afrique,جمهورية الكونغو الديمقراطية,جمهوری دمکراتیک کنگو,,,,,The Democratic Republic Of The Congo,49.09
COG,118,Congo,Congo,Repœblica del Congo,"36,56","160,943,791",36.56,-1,117,36.04,Afrique,الكونغو,کنگو,,,,,Congo,36.56
COL,130,Colombie,Colombia,Colombia,"41,84","459,511,985",42.66,-1,129,42.82,Amériques,كولومبيا,کلمبیا,,,,,Colombia,42.66
COM,75,Comores,Comoros,Comoras,"29,77","219,722,458",29.77,-19,56,27.91,Afrique,جزر القمر,کومور,,,,,Comoros,29.77
CPV,25,Cap-Vert,Cape Verde,Cabo Verde,"20,15",0,20.15,0,25,19.81,Afrique,الرأس الأخضر,کیپورد,,,,,Cape Verde,20.15
CRI,7,Costa Rica,Costa Rica,Costa Rica,"10,53",0,10.53,3,10,12.24,Amériques,كوستاريكا,کاستاریکا,,,,,Costa Rica,10.53
CTU,77,Chypre (partie Nord),Cyprus North,Chipre Norte,"29,79",0,29.79,-3,74,29.67,UE Balkans,قبرص (الجزء الشمالي),قبرس (شمالی),,,,,Cyprus North,29.79
CUB,171,Cuba,Cuba,Cuba,"63,81","283,321,334",63.81,-2,169,63.81,Amériques,كوبا,کوبا,,,,,Cuba,63.81
CYP,27,Chypre,Cyprus,Chipre,"20,45",0,20.45,1,28,21.74,UE Balkans,قبرص,قبرس,,,,,Cyprus,20.45
CZE,40,République tchèque,Czech Republic,Repœblica Checa,"23,57",0,23.57,0,40,24.89,UE Balkans,جمهورية التشيك,جمهوری چک,,,,,Czech Republic,23.57
DEU,11,Allemagne,Germany,Alemania,"10,34","194,591,015",12.16,2,13,14.6,UE Balkans,ألمانيا,آلمان,,,,,Germany,12.16
DJI,176,Djibouti,Djibouti,Yibuti,"76,73","693,147,181",76.73,-3,173,71.36,Afrique,جيبوتي,جیبوتی,,,,,Djibouti,76.73
DNK,3,Danemark,Denmark,Dinamarca,"8,13",0,8.13,2,5,9.87,UE Balkans,الدنمارك,دانمارک,,,,,Denmark,8.13
DOM,55,République dominicaine,Dominican Republic,Repœblica Dominicana,"27,9",0,27.9,0,55,27.9,Amériques,جمهورية الدومينيكان,جمهوری دومینیک,,,,,Dominican Republic,27.9
DZA,146,Algérie,Algeria,Argelia,"45,52","299,573,227",45.52,-5,141,45.75,MENA,الجزائر,الجزایر,,,,,Algeria,45.52
ECU,98,Equateur,Ecuador,Ecuador,"32,62",0,32.62,-1,97,31.88,Amériques,الإكوادور,اکواتور,,,,,Ecuador,32.62
EGY,166,Égypte,Egypt,Egipto,"53,81","688,755,257",56.82,-3,163,56.47,MENA,مصر,مصر,,,,,Egypt,56.82
ERI,178,Érythrée,Eritrea,Eritrea,"83,5","723,561,914",83.5,0,178,80.26,Afrique,إريتريا,اریتره,,,,,Eritrea,83.5
ESP,29,Espagne,Spain,España,"18,48","368,887,945",22.16,0,29,21.99,UE Balkans,إسبانيا,اسپانیا,,,,,Spain,22.16
EST,14,Estonie,Estonia,Estonia,"12,61",0,12.61,-3,11,12.27,UE Balkans,إستونيا,استونی,,,,,Estonia,12.61
ETH,99,Éthiopie,Ethiopia,Etiopía,"32,82","194,591,015",32.82,11,110,35.11,Afrique,أثيوبيا,اتیوپی,,,,,Ethiopia,32.82
FIN,2,Finlande,Finland,Finlandia,"7,93",0,7.93,0,2,7.9,UE Balkans,فنلندا,فنلاند,,,,,Finland,7.93
FJI,52,Fidji,Fiji,Fiyi,"27,41",0,27.41,0,52,27.18,Asie-Pacifique,فيجي,فیجی,,,,,Fiji,27.41
FRA,34,France,France,Francia,"17,49","446,590,812",22.92,-2,32,22.21,UE Balkans,فرنسا,فرانسه,,,,,France,22.92
GAB,121,Gabon,Gabon,Repœblica Gabonesa,"37,2","109,861,229",37.2,-6,115,35.6,Afrique,الغابون,گابون,,,,,Gabon,37.2
GBR,35,Royaume-Uni,United Kingdom,Reino Unido,"17,41","449,980,967",22.93,-2,33,22.23,UE Balkans,المملكة المتحدة,بریتانیا,,,,,United Kingdom,22.93
GEO,60,Géorgie,Georgia,Georgia,"26,8","34,339,872",28.59,0,60,28.98,EEAC,جورجيا,گرجستان,,,,,Georgia,28.59
GHA,30,Ghana,Ghana,Ghana,"16,08","470,048,037",22.26,-3,27,20.81,Afrique,غانا,غنا,,,,,Ghana,22.26
GIN,110,Guinée,Guinea,Guinea,"34,34","219,722,458",34.34,-3,107,33.49,Afrique,غينيا,گینه,,,,,Guinea,34.34
GMB,87,Gambie,Gambia,Gambia,"30,62","693,147,181",30.62,5,92,31.35,Afrique,غامبيا,گامبیا,,,,,Gambia,30.62
GNB,94,Guinée-Bissau,Guinea-Bissau,Guinea-Bisàu,"32,06",0,32.06,-5,89,30.95,Afrique,غينيا بيساو,گینه بیسائو,,,,,Guinea-Bissau,32.06
GNQ,165,Guinée équatoriale,Equatorial Guinea,Guinea Ecuatorial,"56,38","693,147,181",56.38,0,165,58.35,Afrique,غينيا الاستوائية,گینه اکوادور,,,,,Equatorial Guinea,56.38
GRC,65,Grèce,Greece,Grecia,"28,8",0,28.8,0,65,29.08,UE Balkans,اليونان,یونان,,,,,Greece,28.8
GTM,116,Guatemala,Guatemala,Guatemala,"35,74",0,35.74,0,116,35.94,Amériques,غواتيمالا,گواتمالا,,,,,Guatemala,35.74
GUY,49,Guyana,Guyana,Guyana,"26,63",0,26.63,2,51,26.63,Amériques,غويانا,گیانا,,,,,Guyana,26.63
HKG,80,Hong-Kong,Hong Kong,Hong Kong,"29,6","304,452,244",30.01,-7,73,29.65,Asie-Pacifique,هونغ كونغ,هنگ کنگ,,,,,Hong Kong,30.01
HND,148,Honduras,Honduras,Honduras,"46,92","533,271,879",48.2,-2,146,48.53,Amériques,هندوراس,هندوراس,,,,,Honduras,48.2
HRV,59,Croatie,Croatia,Croacia,"28,51",0,28.51,5,64,29.03,UE Balkans,كرواتيا,کرواسی,,,,,Croatia,28.51
HTI,83,Haïti,Haiti,Haití,"26,42","453,259,949",30.2,-21,62,29,Amériques,هايتي,هايیتی,,,,,Haiti,30.2
HUN,89,Hongrie,Hungary,Hungría,"30,84",0,30.84,-2,87,30.44,UE Balkans,المجر,مجارستان,,,,,Hungary,30.84
IDN,119,Indonésie,Indonesia,Indonesia,"36,82","179,175,947",36.82,5,124,36.77,Asie-Pacifique,أندونيسيا,اندونزی,,,,,Indonesia,36.82
IND,142,Inde,India,India,"45,18","313,549,422",45.33,-2,140,45.67,Asie-Pacifique,الهند,هند,,,,,India,45.33
IRL,13,Irlande,Ireland,Irlanda,"12,6",0,12.6,2,15,15,UE Balkans,أيرلندا,ایرلند,,,,,Ireland,12.6
IRN,173,Iran,Islamic Republic of Iran,Iràn,"64,41","664,118,217",64.81,-3,170,64.41,MENA,إيران,ایران,,,,,Islamic Republic of Iran,64.81
IRQ,162,Irak,Iraq,Irak,"53,7","583,481,074",55.37,-6,156,52.6,MENA,العراق,عراق,,,,,Iraq,55.37
ISL,15,Islande,Iceland,Islandia,"15,12",0,15.12,-1,14,14.71,UE Balkans,أيسلندا,ایسلند,,,,,Iceland,15.12
ISR,88,Israël,Israel,Israel,"27,73","430,406,509",30.84,0,88,30.8,MENA,إسرائيل,اسرائیل,,,,,Israel,30.84
ITA,41,Italie,Italy,Italia,"23,69","693,147,181",23.69,2,43,24.98,UE Balkans,إيطاليا,ایتالیا,,,,,Italy,23.69
JAM,6,Jamaïque,Jamaica,Jamaica,"10,51",0,10.51,2,8,11.13,Amériques,جامايكا,جامائیکا,,,,,Jamaica,10.51
JOR,128,Jordanie,Jordan,Jordania,"42,08","194,591,015",42.08,2,130,43.11,MENA,الأردن,اردن,,,,,Jordan,42.08
JPN,66,Japon,Japan,Japón,"28,86",0,28.86,1,67,29.36,Asie-Pacifique,اليابان,ژاپن,,,,,Japan,28.86
KAZ,157,Kazakhstan,Kazakhstan,Kazajistàn,"54,11","417,438,727",54.11,1,158,52.82,EEAC,كازاخستان,قزاقستان,,,,,Kazakhstan,54.11
KEN,103,Kenya,Kenya,Kenia,"33,72","207,944,154",33.72,-3,100,32.44,Afrique,كينيا,کنیا,,,,,Kenya,33.72
KGZ,82,Kirghizstan,Kyrgyzstan,Kirguistàn,"30,19",0,30.19,1,83,29.92,EEAC,قرغيزستان,قرقیزستان,,,,,Kyrgyzstan,30.19
KHM,144,Cambodge,Cambodia,Camboya,"45,46","230,258,509",45.46,-1,143,45.9,Asie-Pacifique,كمبوديا,کامبوج,,,,,Cambodia,45.46
KOR,42,Corée du Sud,South Korea,Corea del Sur,"23,7",0,23.7,-1,41,24.94,Asie-Pacifique,كوريا الجنوبية,کره جنوبی,,,,,South Korea,23.7
KWT,109,Koweït,Kuwait,Kuwait,"34,3",0,34.3,-1,108,33.86,MENA,الكويت,کویت,,,,,Kuwait,34.3
LAO,172,Laos,Lao People's Democratic Republic,Laos,"64,28","567,332,327",64.28,-1,171,64.49,Asie-Pacifique,لاوس,لائوس,,,,,Lao People's Democratic Republic,64.28
LBN,102,Liban,Lebanon,Líbano,"33,18","230,258,509",33.19,-1,101,32.44,MENA,لبنان,لبنان,,,,,Lebanon,33.19
LBR,95,Liberia,Liberia,Liberia,"32,25","693,147,181",32.25,-2,93,31.49,Afrique,ليبيريا,لیبریا,,,,,Liberia,32.25
LBY,164,Libye,Libya,Libia,"55,77","519,295,685",55.77,-2,162,55.77,MENA,ليبيا,لیبی,,,,,Libya,55.77
LIE,24,Liechtenstein,Liechtenstein,Liechtenstein,"19,52",0,19.52,2,26,20.49,UE Balkans,ليختنشتاين,لیختن‌اشتاین,,,,,Liechtenstein,19.52
LKA,127,Sri Lanka,Sri Lanka,Sri Lanka,"41,94","693,147,181",41.94,-1,126,39.61,Asie-Pacifique,سري لانكا,سریلانکا,,,,,Sri Lanka,41.94
LSO,86,Lesotho,Lesotho,Lesoto,"30,45",0,30.45,-8,78,29.74,Afrique,ليسوتو,لسو‌تو,,,,,Lesotho,30.45
LTU,28,Lituanie,Lithuania,Lituania,"21,19",0,21.19,2,30,22.06,UE Balkans,ليتوانيا,لیتوانی,,,,,Lithuania,21.19
LUX,17,Luxembourg,Luxembourg,Luxemburgo,"15,46",0,15.46,0,17,15.66,UE Balkans,لوكسمبورغ,لوکزامبورگ,,,,,Luxembourg,15.46
LVA,22,Lettonie,Latvia,Letonia,"18,56",0,18.56,2,24,19.53,UE Balkans,لاتفيا,لتوانی,,,,,Latvia,18.56
MAR,133,Maroc,Morocco,Marruecos,"40,75","50,937,502",42.88,2,135,43.98,MENA,المغرب,مراکش,,,,,Morocco,42.88
MDA,91,Moldavie,Moldova,Moldavia,"31,16","230,258,509",31.16,0,91,31.21,EEAC,مولدوفا,مولداوی,,,,,Moldova,31.16
MDG,54,Madagascar,Madagascar,Madagascar,"27,68",0,27.68,0,54,27.76,Afrique,مدغشقر,ماداگاسکار,,,,,Madagascar,27.68
MDV,79,Maldives,Maldives,Maldivas,"29,93",0,29.93,19,98,32.16,Asie-Pacifique,المالديف,مالدیو,,,,,Maldives,29.93
MEX,143,Mexique,Mexico,México,"41,36","618,208,491",45.45,1,144,46.78,Amériques,المكسيك,مکزیک,,,,,Mexico,45.45
MKD,92,Macédoine,Macedonia,Repœblica de Macedonia,"31,28",0,31.28,3,95,31.66,UE Balkans,مقدونيا,مقدونیه,,,,,Macedonia,31.28
MLI,108,Mali,Mali,Malí,"34,12",0,34.12,4,112,35.23,Afrique,مالي,مالی,,,,,Mali,34.12
MLT,81,Malte,Malta,Malta,"30,16",0,30.16,-4,77,29.74,UE Balkans,مالطا,مالت,,,,,Malta,30.16
MMR,139,Birmanie,Myanmar,Birmania,"44,77","34,339,872",44.77,-1,138,44.92,Asie-Pacifique,بورما,برمه,,,,,Myanmar,44.77
MNE,105,Monténégro,Montenegro,Montenegro,"33,83",0,33.83,-1,104,32.74,UE Balkans,الجبل الأسود,مونته‌نگرو,,,,,Montenegro,33.83
MNG,73,Mongolie,Mongolia,Mongolia,"29,61",0,29.61,-3,70,29.51,Asie-Pacifique,منغوليا,مغولستان,,,,,Mongolia,29.61
MOZ,104,Mozambique,Mozambique,Mozambique,"33,79","693,147,181",33.79,-1,103,32.66,Afrique,موزمبيق,موزامبیک,,,,,Mozambique,33.79
MRT,97,Mauritanie,Mauritania,Mauritania,"29,51","446,590,812",32.54,-3,94,31.65,Afrique,موريتانيا,موریتانی,,,,,Mauritania,32.54
MUS,56,Maurice,Mauritius,Mauricio,28,0,28,2,58,28.46,Afrique,موريشيوس,موریس,,,,,Mauritius,28
MWI,69,Malawi,Malawi,Malaui,"29,32","693,147,181",29.32,-1,68,29.36,Afrique,مالاوي,مالاوی,,,,,Malawi,29.32
MYS,101,Malaisie,Malaysia,Malasia,"33,12",0,33.12,22,123,36.74,Asie-Pacifique,ماليزيا,مالزی,,,,,Malaysia,33.12
NAM,23,Namibie,Namibia,Namibia,"19,25",0,19.25,0,23,18.95,Afrique,ناميبيا,نامیبیا,,,,,Namibia,19.25
NER,57,Niger,Niger,Niger,"28,25",0,28.25,9,66,29.26,Afrique,النيجر,نیجر,,,,,Niger,28.25
NGA,115,Nigeria,Nigeria,Nigeria,"32,61","477,068,462",35.63,5,120,36.5,Afrique,نيجيريا,نیجریه,,,,,Nigeria,35.63
NIC,117,Nicaragua,Nicaragua,Nicaragua,"35,73","349,650,756",35.81,-3,114,35.53,Amériques,نيكاراغوا,نیکاراگوئه,,,,,Nicaragua,35.81
NLD,5,Pays-Bas,Netherlands,Países Bajos,"9,96",0,9.96,-1,4,8.63,UE Balkans,هولندا,هلند,,,,,Netherlands,9.96
NOR,1,Norvège,Norway,Noruega,"7,84",0,7.84,0,1,7.82,UE Balkans,النرويج,نروژ,,,,,Norway,7.84
NPL,112,Népal,Nepal,Nepal,"35,1","109,861,229",35.1,-6,106,33.4,Asie-Pacifique,نيبال,نپال,,,,,Nepal,35.1
NZL,9,Nouvelle-Zélande,New Zealand,Nueva Zelanda,"10,69",0,10.69,-2,7,10.75,Asie-Pacifique,نيوزيلاندا,زلاند نو,,,,,New Zealand,10.69
OMN,135,Oman,Oman,Omàn,"43,42",0,43.42,-3,132,43.42,MENA,عمان,عمان,,,,,Oman,43.42
PAK,145,Pakistan,Pakistan,Pakistàn,"41,28","624,804,287",45.52,-3,142,45.83,Asie-Pacifique,باكستان,پاکستان,,,,,Pakistan,45.52
PAN,76,Panama,Panama,Panamà,"29,78",0,29.78,3,79,29.78,Amériques,بنما,پاناما,,,,,Panama,29.78
PER,90,Perou,Peru,Peru,"30,94","239,789,527",30.94,-5,85,30.22,Amériques,بيرو,پرو,,,,,Peru,30.94
PHL,136,Philippines,Philippines,Filipinas,"40,41","560,580,207",43.54,-2,134,43.91,Asie-Pacifique,الفلبين,فلیپین,,,,,Philippines,43.54
PNG,46,Papouasie-Nouvelle-Guinée,Papua New Guinea,Papœa Nueva Guinea,"23,93",0,23.93,-8,38,24.7,Asie-Pacifique,بابوا غينيا الجديدة,پاپوآ گینه نو,,,,,Papua New Guinea,23.93
POL,62,Pologne,Poland,Polonia,"28,65",0,28.65,-3,59,28.89,UE Balkans,بولندا,لهستان,,,,,Poland,28.65
PRK,180,Corée du Nord,Democratic People's Republic of Korea,Corea del Norte,"85,82","519,295,685",85.82,-1,179,83.4,Asie-Pacifique,كوريا الشمالية,کره شمالی,,,,,Democratic People's Republic of Korea,85.82
PRT,10,Portugal,Portugal,Portugal,"11,83",0,11.83,2,12,12.63,UE Balkans,البرتغال,پرتغال,,,,,Portugal,11.83
PRY,100,Paraguay,Paraguay,Paraguay,"32,97","160,943,791",32.97,-1,99,32.4,Amériques,باراغواي,پاراگوئه,,,,,Paraguay,32.97
PSE,137,Palestine,Palestine,Palestina,"42,75","449,980,967",44.09,0,137,44.68,MENA,فلسطين,فلسطین,,,,,Palestine,44.09
QAT,129,Qatar,Qatar,Catar,"42,51",0,42.51,-1,128,42.51,MENA,قطر,قطر,,,,,Qatar,42.51
ROU,48,Roumanie,Romania,Rumania,"25,91",0,25.91,-1,47,25.67,UE Balkans,رومانيا,رومانی,,,,,Romania,25.91
RUS,149,Russie,Russian Federation,Rusia,"47,2","533,753,808",48.92,0,149,50.31,EEAC,روسيا,روسیه,,,,,Russian Federation,48.92
RWA,155,Rwanda,Rwanda,Ruanda,"50,34","256,494,936",50.34,0,155,52.43,Afrique,رواندا,روندا,,,,,Rwanda,50.34
SAU,170,Arabie saoudite,Saudi Arabia,Arabia Saudita,"61,08","663,725,803",62.14,2,172,65.88,MENA,المملكة العربية السعودية,عربستان سعودی,,,,,Saudi Arabia,62.14
SDN,159,Soudan,Sudan,Sudàn,"55,24","426,267,988",55.33,16,175,72.45,Afrique,السودان,سودان,,,,,Sudan,55.33
SEN,47,Sénégal,Senegal,Senegal,"23,99","109,861,229",23.99,2,49,25.81,Afrique,السنغال,سنگال,,,,,Senegal,23.99
SGP,158,Singapour,Singapore,Singapur,"55,23",0,55.23,-7,151,51.41,Asie-Pacifique,سنغافورة,سنگاپور,,,,,Singapore,55.23
SLE,85,Sierra Leone,Sierra Leone,Sierra Leona,"30,28",0,30.28,1,86,30.36,Afrique,سيراليون,سئیرالئون,,,,,Sierra Leone,30.28
SLV,74,El Salvador,El Salvador,El Salvador,"29,7",0,29.7,7,81,29.81,Amériques,السلفادور,ال‌سالوادور,,,,,El Salvador,29.7
SOM,163,Somalie,Somalia,Somalia,"54,93","573,979,291",55.45,1,164,57.24,Afrique,الصومال,سومالی,,,,,Somalia,55.45
SRB,93,Serbie,Serbia,Serbia,"31,62",0,31.62,-3,90,31.18,UE Balkans,صربيا,صربستان,,,,,Serbia,31.62
SSD,138,Soudan du Sud,South Sudan,Sudàn del Sur,"44,49","207,944,154",44.49,1,139,45.65,Afrique,جمهورية جنوب السودان,سودان جنوبی,,,,,South Sudan,44.49
SUR,20,Surinam,Suriname,Surinam,"17,5",0,17.5,0,20,16.38,Amériques,سورينام,سورینام,,,,,Suriname,17.5
SVK,33,Slovaquie,Slovakia,Eslovaquia,"22,67",0,22.67,2,35,23.58,UE Balkans,سلوفاكيا,اسلواکی,,,,,Slovakia,22.67
SVN,32,Slovénie,Slovenia,Eslovenia,"22,64",0,22.64,2,34,22.31,UE Balkans,سلوفينيا,اسلوانی,,,,,Slovenia,22.64
SWE,4,Suede,Sweden,Suecia,"9,25",0,9.25,-1,3,8.31,UE Balkans,السويد,سوئد,,,,,Sweden,9.25
SWZ,141,Swaziland,Swaziland,Suazilandia,"45,15",0,45.15,6,147,49.09,Afrique,سوازيلاند,سویزالند,,,,,Swaziland,45.15
SYC,63,Seychelles,Seychelles,Seychelles,"28,66",0,28.66,6,69,29.41,Afrique,سيشيل,سی‌شل,,,,,Seychelles,28.66
SYR,174,Syrie,Syrian Arab Republic,Siria,"70,19","820,521,843",72.57,0,174,71.78,MENA,سوريا,سوریه,,,,,Syrian Arab Republic,72.57
TCD,123,Tchad,Chad,Chad,"37,76","453,259,949",39.7,-1,122,36.71,Afrique,تشاد,چاد,,,,,Chad,39.7
TGO,71,Togo,Togo,Togo,"29,33",0,29.33,5,76,29.69,Afrique,توغو,توگو,,,,,Togo,29.33
THA,140,Thaïlande,Thailand,Tailandia,"43,49","507,517,382",44.94,-4,136,44.1,Asie-Pacifique,تايلاند,تایلند,,,,,Thailand,44.94
TJK,161,Tadjikistan,Tajikistan,Tayikistàn,"55,3","418,965,474",55.34,0,161,54.02,EEAC,طاجيكستان,تاجیکستان,,,,,Tajikistan,55.34
TKM,179,Turkménistan,Turkmenistan,Turkmenistàn,"85,44",0,85.44,1,180,85.44,EEAC,تركمانستان,ترکمنستان,,,,,Turkmenistan,85.44
TLS,78,Timor-Leste,East Timor,Timor Oriental,"29,9",0,29.9,6,84,29.93,Asie-Pacifique,تيمور الشرقية,تیمور شرقی,,,,,East Timor,29.9
TON,50,Tonga,Tonga,Tonga,"27,27",0,27.27,-5,45,25.41,Asie-Pacifique,تونغا,تونگا,,,,,Tonga,27.27
TTO,36,Trinité-et-Tobago,Trinidad and Tobago,Trinidad y Tobago,"23,22",0,23.22,3,39,24.74,Amériques,ترينيداد وتوباغو,ترنتی و توبوگو,,,,,Trinidad and Tobago,23.22
TUN,72,Tunisie,Tunisia,Tœnez,"29,45",0,29.45,0,72,29.61,MENA,تونس,تونس,,,,,Tunisia,29.45
TUR,154,Turquie,Turkey,Turquía,"45,46","682,979,374",50.02,3,157,52.81,EEAC,تركيا,ترکیه,,,,,Turkey,50.02
TWN,43,Taïwan,Taiwan,Taiwàn,"23,76",0,23.76,-1,42,24.98,Asie-Pacifique,تايوان,تایوان,,,,,Taiwan,23.76
TZA,124,Tanzanie,Tanzania,Tanzania,"40,25","138,629,436",40.25,-6,118,36.28,Afrique,تنزانيا,تانزانیا,,,,,Tanzania,40.25
UGA,125,Ouganda,Uganda,Uganda,"40,95","219,722,458",40.95,0,125,39.42,Afrique,أوغندا,اوگاندا,,,,,Uganda,40.95
UKR,96,Ukraine,Ukraine,Ucrania,"29,13","460,517,019",32.52,6,102,32.46,EEAC,أوكرانيا,اوکراين,,,,,Ukraine,32.52
URY,19,Uruguay,Uruguay,Uruguay,"15,79",0,15.79,0,19,16.06,Amériques,أوروغواي,اروگويه,,,,,Uruguay,15.79
USA,45,Etats Unis,United States,Estados Unidos,"23,85","194,591,015",23.85,3,48,25.69,Amériques,الولايات المتحدة,ایالات متحده امریکا,,,,,United States,23.85
UZB,156,Ouzbékistan,Uzbekistan,Uzbekistàn,"53,07",0,53.07,4,160,53.52,EEAC,أوزبكستان,اوزبکستان,,,,,Uzbekistan,53.07
VEN,147,Venezuela,Venezuela,Venezuela,"45,44","424,849,524",45.66,1,148,49.1,Amériques,فنزويلا,ونزوئلا,,,,,Venezuela,45.66
VNM,175,Viêt Nam,Vietnam,Vietnam,"74,71","647,850,964",74.71,1,176,74.93,Asie-Pacifique,فيتنام,ویتنام,,,,,Vietnam,74.71
WSM,21,Samoa,Samoa,Samoa,"18,25",0,18.25,1,22,18.25,Asie-Pacifique,ساموا,ساموآ,,,,,Samoa,18.25
XCD,44,OECS,OECS,OECS,"23,78",0,23.78,6,50,26.04,Amériques,الكاريبي,جزایر کارائیب شرقی,,,,,OECS,23.78
XKO,70,Kosovo,Kosovo,Kosovo,"29,33",0,29.33,5,75,29.68,UE Balkans,كوسوفو,کوسووو,,,,,Kosovo,29.33
YEM,167,Yémen,Yemen,Yemen,"57,73","55,174,529",58.25,1,168,61.66,MENA,اليمن,یمن,,,,,Yemen,58.25
ZAF,31,Afrique du Sud,South Africa,Sudàfrica,"22,41","160,943,791",22.41,0,31,22.19,Afrique,جنوب أفريقيا,آفریقای جنوبی,,,,,South Africa,22.41
ZMB,120,Zambie,Zambia,Zambia,37,"138,629,436",37,-1,119,36.38,Afrique,زامبيا,زامبیا,,,,,Zambia,37
ZWE,126,Zimbabwe,Zimbabwe,Zimbabue,"40,95","263,905,733",40.95,1,127,42.23,Afrique,زيمبابوي,زیمبابوه,,,,,Zimbabwe,40.95
