Country,Code,Year,Completed Tertiary,,Countries
Afghanistan,AFG,1970,1.08,,Afghanistan
Afghanistan,AFG,1975,1.48,,Afghanistan
Afghanistan,AFG,1980,1.96,,Afghanistan
Afghanistan,AFG,1985,2.49,,Afghanistan
Afghanistan,AFG,1990,2.91,,Afghanistan
Afghanistan,AFG,1995,3.28,,Afghanistan
Afghanistan,AFG,2000,3.5,,Afghanistan
Afghanistan,AFG,2005,3.61,,Afghanistan
Afghanistan,AFG,2010,3.65,,Afghanistan
Albania,ALB,1970,1.67,,Albania
Albania,ALB,1975,1.93,,Albania
Albania,ALB,1980,2.12,,Albania
Albania,ALB,1985,2.66,,Albania
Albania,ALB,1990,3,,Albania
Albania,ALB,1995,3.17,,Albania
Albania,ALB,2000,3.51,,Albania
Albania,ALB,2005,2.35,,Albania
Albania,ALB,2010,0.93,,Albania
Algeria,DZA,1970,0.18,,Algeria
Algeria,DZA,1975,0.38,,Algeria
Algeria,DZA,1980,0.77,,Algeria
Algeria,DZA,1985,1.34,,Algeria
Algeria,DZA,1990,1.97,,Algeria
Algeria,DZA,1995,2.53,,Algeria
Algeria,DZA,2000,3.4,,Algeria
Algeria,DZA,2005,3.78,,Algeria
Algeria,DZA,2010,6.66,,Algeria
Argentina,ARG,1970,2.52,,Argentina
Argentina,ARG,1975,3.64,,Argentina
Argentina,ARG,1980,3.43,,Argentina
Argentina,ARG,1985,4.99,,Argentina
Argentina,ARG,1990,5.77,,Argentina
Argentina,ARG,1995,4.32,,Argentina
Argentina,ARG,2000,3.1,,Argentina
Argentina,ARG,2005,3.09,,Argentina
Argentina,ARG,2010,2.87,,Argentina
Armenia,ARM,1970,6.71,,Armenia
Armenia,ARM,1975,7.22,,Armenia
Armenia,ARM,1980,7.78,,Armenia
Armenia,ARM,1985,9.32,,Armenia
Armenia,ARM,1990,10.04,,Armenia
Armenia,ARM,1995,10.47,,Armenia
Armenia,ARM,2000,10.08,,Armenia
Armenia,ARM,2005,11.51,,Armenia
Armenia,ARM,2010,15.03,,Armenia
Australia,AUS,1970,10.76,,Australia
Australia,AUS,1975,11.6,,Australia
Australia,AUS,1980,13.05,,Australia
Australia,AUS,1985,13.21,,Australia
Australia,AUS,1990,13.9,,Australia
Australia,AUS,1995,15.87,,Australia
Australia,AUS,2000,13.15,,Australia
Australia,AUS,2005,15.63,,Australia
Australia,AUS,2010,18.52,,Australia
Austria,AUT,1970,1.45,,Austria
Austria,AUT,1975,1.62,,Austria
Austria,AUT,1980,1.55,,Austria
Austria,AUT,1985,2.47,,Austria
Austria,AUT,1990,2.97,,Austria
Austria,AUT,1995,5.21,,Austria
Austria,AUT,2000,7.06,,Austria
Austria,AUT,2005,8.27,,Austria
Austria,AUT,2010,9.37,,Austria
Bahrain,BHR,1970,2.06,,Bahrain
Bahrain,BHR,1975,2.45,,Bahrain
Bahrain,BHR,1980,3.39,,Bahrain
Bahrain,BHR,1985,6.28,,Bahrain
Bahrain,BHR,1990,8.53,,Bahrain
Bahrain,BHR,1995,9.17,,Bahrain
Bahrain,BHR,2000,9.08,,Bahrain
Bahrain,BHR,2005,8.8,,Bahrain
Bahrain,BHR,2010,7.76,,Bahrain
Bangladesh,BGD,1970,0.39,,Bangladesh
Bangladesh,BGD,1975,0.42,,Bangladesh
Bangladesh,BGD,1980,0.54,,Bangladesh
Bangladesh,BGD,1985,1.08,,Bangladesh
Bangladesh,BGD,1990,1.44,,Bangladesh
Bangladesh,BGD,1995,1.97,,Bangladesh
Bangladesh,BGD,2000,1.98,,Bangladesh
Bangladesh,BGD,2005,2.11,,Bangladesh
Bangladesh,BGD,2010,2.28,,Bangladesh
Barbados,BRB,1970,0.57,,Barbados
Barbados,BRB,1975,1.37,,Barbados
Barbados,BRB,1980,2.16,,Barbados
Barbados,BRB,1985,2.46,,Barbados
Barbados,BRB,1990,2.07,,Barbados
Barbados,BRB,1995,1.56,,Barbados
Barbados,BRB,2000,0.66,,Barbados
Barbados,BRB,2005,1.53,,Barbados
Barbados,BRB,2010,2.07,,Barbados
Belgium,BEL,1970,5.11,,Belgium
Belgium,BEL,1975,7.41,,Belgium
Belgium,BEL,1980,9.04,,Belgium
Belgium,BEL,1985,11.2,,Belgium
Belgium,BEL,1990,12.98,,Belgium
Belgium,BEL,1995,14.51,,Belgium
Belgium,BEL,2000,14.95,,Belgium
Belgium,BEL,2005,15.82,,Belgium
Belgium,BEL,2010,17.69,,Belgium
Belize,BLZ,1970,0.55,,Belize
Belize,BLZ,1975,0.7,,Belize
Belize,BLZ,1980,0.78,,Belize
Belize,BLZ,1985,2.16,,Belize
Belize,BLZ,1990,3.4,,Belize
Belize,BLZ,1995,3.43,,Belize
Belize,BLZ,2000,3.33,,Belize
Belize,BLZ,2005,3.2,,Belize
Belize,BLZ,2010,3.18,,Belize
Benin,BEN,1970,0.13,,Benin
Benin,BEN,1975,0.13,,Benin
Benin,BEN,1980,0.14,,Benin
Benin,BEN,1985,0.41,,Benin
Benin,BEN,1990,0.52,,Benin
Benin,BEN,1995,0.81,,Benin
Benin,BEN,2000,1.01,,Benin
Benin,BEN,2005,1.36,,Benin
Benin,BEN,2010,2.01,,Benin
Bolivia,BOL,1970,1.87,,Bolivia
Bolivia,BOL,1975,2.24,,Bolivia
Bolivia,BOL,1980,2.82,,Bolivia
Bolivia,BOL,1985,3.33,,Bolivia
Bolivia,BOL,1990,3.83,,Bolivia
Bolivia,BOL,1995,4.67,,Bolivia
Bolivia,BOL,2000,5.27,,Bolivia
Bolivia,BOL,2005,7.25,,Bolivia
Bolivia,BOL,2010,8.43,,Bolivia
Botswana,BWA,1970,0.28,,Botswana
Botswana,BWA,1975,0.25,,Botswana
Botswana,BWA,1980,0.19,,Botswana
Botswana,BWA,1985,1.09,,Botswana
Botswana,BWA,1990,1.52,,Botswana
Botswana,BWA,1995,1.9,,Botswana
Botswana,BWA,2000,1.73,,Botswana
Botswana,BWA,2005,1.79,,Botswana
Botswana,BWA,2010,2.02,,Botswana
Brazil,BRA,1970,1.24,,Brazil
Brazil,BRA,1975,2.3,,Brazil
Brazil,BRA,1980,2.79,,Brazil
Brazil,BRA,1985,2.72,,Brazil
Brazil,BRA,1990,3.03,,Brazil
Brazil,BRA,1995,3.72,,Brazil
Brazil,BRA,2000,3.7,,Brazil
Brazil,BRA,2005,3.73,,Brazil
Brazil,BRA,2010,5.63,,Brazil
Brunei,BRN,1970,1.24,,Brunei
Brunei,BRN,1975,2.86,,Brunei
Brunei,BRN,1980,3.65,,Brunei
Brunei,BRN,1985,3.74,,Brunei
Brunei,BRN,1990,3.71,,Brunei
Brunei,BRN,1995,3.91,,Brunei
Brunei,BRN,2000,4.76,,Brunei
Brunei,BRN,2005,5.65,,Brunei
Brunei,BRN,2010,6.51,,Brunei
Bulgaria,BGR,1970,4.94,,Bulgaria
Bulgaria,BGR,1975,6.25,,Bulgaria
Bulgaria,BGR,1980,7.25,,Bulgaria
Bulgaria,BGR,1985,8.43,,Bulgaria
Bulgaria,BGR,1990,8.11,,Bulgaria
Bulgaria,BGR,1995,9.25,,Bulgaria
Bulgaria,BGR,2000,9.79,,Bulgaria
Bulgaria,BGR,2005,11.76,,Bulgaria
Bulgaria,BGR,2010,13.07,,Bulgaria
Burundi,BDI,1970,0.11,,Burundi
Burundi,BDI,1975,0.14,,Burundi
Burundi,BDI,1980,0.19,,Burundi
Burundi,BDI,1985,0.25,,Burundi
Burundi,BDI,1990,0.24,,Burundi
Burundi,BDI,1995,0.24,,Burundi
Burundi,BDI,2000,0.24,,Burundi
Burundi,BDI,2005,0.34,,Burundi
Burundi,BDI,2010,0.54,,Burundi
Cambodia,KHM,1970,0.07,,Cambodia
Cambodia,KHM,1975,0.11,,Cambodia
Cambodia,KHM,1980,0.13,,Cambodia
Cambodia,KHM,1985,0.15,,Cambodia
Cambodia,KHM,1990,0.19,,Cambodia
Cambodia,KHM,1995,0.24,,Cambodia
Cambodia,KHM,2000,0.23,,Cambodia
Cambodia,KHM,2005,0.79,,Cambodia
Cambodia,KHM,2010,1.32,,Cambodia
Cameroon,CMR,1970,0.13,,Cameroon
Cameroon,CMR,1975,0.15,,Cameroon
Cameroon,CMR,1980,0.18,,Cameroon
Cameroon,CMR,1985,0.28,,Cameroon
Cameroon,CMR,1990,0.45,,Cameroon
Cameroon,CMR,1995,0.64,,Cameroon
Cameroon,CMR,2000,0.8,,Cameroon
Cameroon,CMR,2005,1.15,,Cameroon
Cameroon,CMR,2010,1.64,,Cameroon
Canada,CAN,1970,9.66,,Canada
Canada,CAN,1975,12.73,,Canada
Canada,CAN,1980,14.93,,Canada
Canada,CAN,1985,8.14,,Canada
Canada,CAN,1990,9.93,,Canada
Canada,CAN,1995,11.54,,Canada
Canada,CAN,2000,13.89,,Canada
Canada,CAN,2005,20.47,,Canada
Canada,CAN,2010,22.67,,Canada
Central African Republic,CAF,1970,0.09,,Central African Republic
Central African Republic,CAF,1975,0.09,,Central African Republic
Central African Republic,CAF,1980,0.36,,Central African Republic
Central African Republic,CAF,1985,0.68,,Central African Republic
Central African Republic,CAF,1990,0.87,,Central African Republic
Central African Republic,CAF,1995,0.81,,Central African Republic
Central African Republic,CAF,2000,0.83,,Central African Republic
Central African Republic,CAF,2005,0.82,,Central African Republic
Central African Republic,CAF,2010,0.83,,Central African Republic
Chile,CHL,1970,2.65,,Chile
Chile,CHL,1975,2.73,,Chile
Chile,CHL,1980,2.68,,Chile
Chile,CHL,1985,4.44,,Chile
Chile,CHL,1990,6.23,,Chile
Chile,CHL,1995,7.54,,Chile
Chile,CHL,2000,8.33,,Chile
Chile,CHL,2005,7.43,,Chile
Chile,CHL,2010,5.92,,Chile
China,CHN,1970,0.45,,China
China,CHN,1975,0.46,,China
China,CHN,1980,0.48,,China
China,CHN,1985,0.82,,China
China,CHN,1990,1.08,,China
China,CHN,1995,1.97,,China
China,CHN,2000,2.75,,China
China,CHN,2005,2.73,,China
China,CHN,2010,2.71,,China
Colombia,COL,1970,1.86,,Colombia
Colombia,COL,1975,2.33,,Colombia
Colombia,COL,1980,4.07,,Colombia
Colombia,COL,1985,5.54,,Colombia
Colombia,COL,1990,7.37,,Colombia
Colombia,COL,1995,8.61,,Colombia
Colombia,COL,2000,8.66,,Colombia
Colombia,COL,2005,6.6,,Colombia
Colombia,COL,2010,18.55,,Colombia
Congo,COG,1970,0.38,,Congo
Congo,COG,1975,0.78,,Congo
Congo,COG,1980,1.09,,Congo
Congo,COG,1985,1.09,,Congo
Congo,COG,1990,1.1,,Congo
Congo,COG,1995,1.14,,Congo
Congo,COG,2000,0.96,,Congo
Congo,COG,2005,0.79,,Congo
Congo,COG,2010,0.64,,Congo
Costa Rica,CRI,1970,1.75,,Costa Rica
Costa Rica,CRI,1975,3.62,,Costa Rica
Costa Rica,CRI,1980,5.5,,Costa Rica
Costa Rica,CRI,1985,7.39,,Costa Rica
Costa Rica,CRI,1990,9.71,,Costa Rica
Costa Rica,CRI,1995,11.94,,Costa Rica
Costa Rica,CRI,2000,12.39,,Costa Rica
Costa Rica,CRI,2005,12.56,,Costa Rica
Costa Rica,CRI,2010,14.69,,Costa Rica
Cote d'Ivoire,CIV,1970,0.55,,Cote d'Ivoire
Cote d'Ivoire,CIV,1975,0.71,,Cote d'Ivoire
Cote d'Ivoire,CIV,1980,0.83,,Cote d'Ivoire
Cote d'Ivoire,CIV,1985,0.98,,Cote d'Ivoire
Cote d'Ivoire,CIV,1990,0.85,,Cote d'Ivoire
Cote d'Ivoire,CIV,1995,1.63,,Cote d'Ivoire
Cote d'Ivoire,CIV,2000,2.08,,Cote d'Ivoire
Cote d'Ivoire,CIV,2005,2.11,,Cote d'Ivoire
Cote d'Ivoire,CIV,2010,2.13,,Cote d'Ivoire
Croatia,HRV,1970,2.19,,Croatia
Croatia,HRV,1975,2.57,,Croatia
Croatia,HRV,1980,2.92,,Croatia
Croatia,HRV,1985,3.42,,Croatia
Croatia,HRV,1990,3.3,,Croatia
Croatia,HRV,1995,4.53,,Croatia
Croatia,HRV,2000,6.29,,Croatia
Croatia,HRV,2005,8.73,,Croatia
Croatia,HRV,2010,11.04,,Croatia
Cuba,CUB,1970,1.85,,Cuba
Cuba,CUB,1975,2.42,,Cuba
Cuba,CUB,1980,3.51,,Cuba
Cuba,CUB,1985,3.64,,Cuba
Cuba,CUB,1990,4.4,,Cuba
Cuba,CUB,1995,5.28,,Cuba
Cuba,CUB,2000,5.59,,Cuba
Cuba,CUB,2005,8.32,,Cuba
Cuba,CUB,2010,13.32,,Cuba
Cyprus,CYP,1970,1.99,,Cyprus
Cyprus,CYP,1975,3.38,,Cyprus
Cyprus,CYP,1980,5.79,,Cyprus
Cyprus,CYP,1985,8.7,,Cyprus
Cyprus,CYP,1990,11.57,,Cyprus
Cyprus,CYP,1995,14.6,,Cyprus
Cyprus,CYP,2000,15.89,,Cyprus
Cyprus,CYP,2005,14.51,,Cyprus
Cyprus,CYP,2010,20.75,,Cyprus
Czech Republic,CZE,1970,1.73,,Czech Republic
Czech Republic,CZE,1975,2.48,,Czech Republic
Czech Republic,CZE,1980,2.71,,Czech Republic
Czech Republic,CZE,1985,4.84,,Czech Republic
Czech Republic,CZE,1990,5.94,,Czech Republic
Czech Republic,CZE,1995,5.47,,Czech Republic
Czech Republic,CZE,2000,5.11,,Czech Republic
Czech Republic,CZE,2005,5.38,,Czech Republic
Czech Republic,CZE,2010,7.59,,Czech Republic
Democratic Republic of Congo,COD,1970,0.1,,Democratic Republic of Congo
Democratic Republic of Congo,COD,1975,0.2,,Democratic Republic of Congo
Democratic Republic of Congo,COD,1980,0.26,,Democratic Republic of Congo
Democratic Republic of Congo,COD,1985,0.37,,Democratic Republic of Congo
Democratic Republic of Congo,COD,1990,0.51,,Democratic Republic of Congo
Democratic Republic of Congo,COD,1995,0.65,,Democratic Republic of Congo
Democratic Republic of Congo,COD,2000,0.59,,Democratic Republic of Congo
Democratic Republic of Congo,COD,2005,0.5,,Democratic Republic of Congo
Democratic Republic of Congo,COD,2010,0.46,,Democratic Republic of Congo
Denmark,DNK,1970,6.01,,Denmark
Denmark,DNK,1975,6.58,,Denmark
Denmark,DNK,1980,7.46,,Denmark
Denmark,DNK,1985,9.33,,Denmark
Denmark,DNK,1990,8.48,,Denmark
Denmark,DNK,1995,10.37,,Denmark
Denmark,DNK,2000,12.31,,Denmark
Denmark,DNK,2005,14.53,,Denmark
Denmark,DNK,2010,14.98,,Denmark
Dominican Republic,DOM,1970,0.46,,Dominican Republic
Dominican Republic,DOM,1975,0.72,,Dominican Republic
Dominican Republic,DOM,1980,1.09,,Dominican Republic
Dominican Republic,DOM,1985,1.53,,Dominican Republic
Dominican Republic,DOM,1990,2.01,,Dominican Republic
Dominican Republic,DOM,1995,2.38,,Dominican Republic
Dominican Republic,DOM,2000,2.78,,Dominican Republic
Dominican Republic,DOM,2005,2.55,,Dominican Republic
Dominican Republic,DOM,2010,2.06,,Dominican Republic
Ecuador,ECU,1970,1.09,,Ecuador
Ecuador,ECU,1975,1.33,,Ecuador
Ecuador,ECU,1980,3.55,,Ecuador
Ecuador,ECU,1985,4.56,,Ecuador
Ecuador,ECU,1990,5.83,,Ecuador
Ecuador,ECU,1995,6.23,,Ecuador
Ecuador,ECU,2000,6.98,,Ecuador
Ecuador,ECU,2005,6.16,,Ecuador
Ecuador,ECU,2010,5.19,,Ecuador
Egypt,EGY,1970,1.36,,Egypt
Egypt,EGY,1975,1.3,,Egypt
Egypt,EGY,1980,1.86,,Egypt
Egypt,EGY,1985,1.99,,Egypt
Egypt,EGY,1990,1.87,,Egypt
Egypt,EGY,1995,2.18,,Egypt
Egypt,EGY,2000,4.19,,Egypt
Egypt,EGY,2005,5.29,,Egypt
Egypt,EGY,2010,6.65,,Egypt
El Salvador,SLV,1970,1.16,,El Salvador
El Salvador,SLV,1975,2.34,,El Salvador
El Salvador,SLV,1980,2.85,,El Salvador
El Salvador,SLV,1985,4.83,,El Salvador
El Salvador,SLV,1990,4.4,,El Salvador
El Salvador,SLV,1995,5.65,,El Salvador
El Salvador,SLV,2000,6.54,,El Salvador
El Salvador,SLV,2005,6.39,,El Salvador
El Salvador,SLV,2010,3.92,,El Salvador
Estonia,EST,1970,4.7,,Estonia
Estonia,EST,1975,5.41,,Estonia
Estonia,EST,1980,6.17,,Estonia
Estonia,EST,1985,7.09,,Estonia
Estonia,EST,1990,7.13,,Estonia
Estonia,EST,1995,11.41,,Estonia
Estonia,EST,2000,15,,Estonia
Estonia,EST,2005,16.58,,Estonia
Estonia,EST,2010,18.87,,Estonia
Fiji,FJI,1970,1.36,,Fiji
Fiji,FJI,1975,1.42,,Fiji
Fiji,FJI,1980,1.77,,Fiji
Fiji,FJI,1985,2.15,,Fiji
Fiji,FJI,1990,3.65,,Fiji
Fiji,FJI,1995,4.82,,Fiji
Fiji,FJI,2000,5.75,,Fiji
Fiji,FJI,2005,6.37,,Fiji
Fiji,FJI,2010,7.03,,Fiji
Finland,FIN,1970,3.17,,Finland
Finland,FIN,1975,4.34,,Finland
Finland,FIN,1980,6.37,,Finland
Finland,FIN,1985,5.66,,Finland
Finland,FIN,1990,5.67,,Finland
Finland,FIN,1995,9.49,,Finland
Finland,FIN,2000,10.88,,Finland
Finland,FIN,2005,11.7,,Finland
Finland,FIN,2010,12.35,,Finland
France,FRA,1970,1.46,,France
France,FRA,1975,3.89,,France
France,FRA,1980,3.74,,France
France,FRA,1985,4.86,,France
France,FRA,1990,5.81,,France
France,FRA,1995,7.2,,France
France,FRA,2000,8.44,,France
France,FRA,2005,8.71,,France
France,FRA,2010,10.6,,France
Gabon,GAB,1970,0.9,,Gabon
Gabon,GAB,1975,1.66,,Gabon
Gabon,GAB,1980,2.39,,Gabon
Gabon,GAB,1985,3.5,,Gabon
Gabon,GAB,1990,4.1,,Gabon
Gabon,GAB,1995,5.06,,Gabon
Gabon,GAB,2000,5.54,,Gabon
Gabon,GAB,2005,5.73,,Gabon
Gabon,GAB,2010,6.3,,Gabon
Gambia,GMB,1970,0.1,,Gambia
Gambia,GMB,1975,0.09,,Gambia
Gambia,GMB,1980,0.27,,Gambia
Gambia,GMB,1985,0.5,,Gambia
Gambia,GMB,1990,0.77,,Gambia
Gambia,GMB,1995,1.01,,Gambia
Gambia,GMB,2000,1.02,,Gambia
Gambia,GMB,2005,0.94,,Gambia
Gambia,GMB,2010,0.91,,Gambia
Germany,DEU,1970,1.59,,Germany
Germany,DEU,1975,2.74,,Germany
Germany,DEU,1980,3.28,,Germany
Germany,DEU,1985,3.67,,Germany
Germany,DEU,1990,7.56,,Germany
Germany,DEU,1995,9.32,,Germany
Germany,DEU,2000,10.48,,Germany
Germany,DEU,2005,10.89,,Germany
Germany,DEU,2010,13.14,,Germany
Ghana,GHA,1970,0.17,,Ghana
Ghana,GHA,1975,0.38,,Ghana
Ghana,GHA,1980,0.57,,Ghana
Ghana,GHA,1985,0.88,,Ghana
Ghana,GHA,1990,1.14,,Ghana
Ghana,GHA,1995,1.39,,Ghana
Ghana,GHA,2000,1.84,,Ghana
Ghana,GHA,2005,1.66,,Ghana
Ghana,GHA,2010,1.44,,Ghana
Greece,GRC,1970,3.73,,Greece
Greece,GRC,1975,5.26,,Greece
Greece,GRC,1980,5.87,,Greece
Greece,GRC,1985,8.74,,Greece
Greece,GRC,1990,11.33,,Greece
Greece,GRC,1995,12.76,,Greece
Greece,GRC,2000,12.22,,Greece
Greece,GRC,2005,19.3,,Greece
Greece,GRC,2010,22.5,,Greece
Guatemala,GTM,1970,0.57,,Guatemala
Guatemala,GTM,1975,0.73,,Guatemala
Guatemala,GTM,1980,1.41,,Guatemala
Guatemala,GTM,1985,1.37,,Guatemala
Guatemala,GTM,1990,1.53,,Guatemala
Guatemala,GTM,1995,1.69,,Guatemala
Guatemala,GTM,2000,1.74,,Guatemala
Guatemala,GTM,2005,1.54,,Guatemala
Guatemala,GTM,2010,0,,Guatemala
Guyana,GUY,1970,0.37,,Guyana
Guyana,GUY,1975,0.63,,Guyana
Guyana,GUY,1980,0.77,,Guyana
Guyana,GUY,1985,0.78,,Guyana
Guyana,GUY,1990,0.66,,Guyana
Guyana,GUY,1995,0.47,,Guyana
Guyana,GUY,2000,0.06,,Guyana
Guyana,GUY,2005,0.15,,Guyana
Guyana,GUY,2010,0.24,,Guyana
Haiti,HTI,1970,0.22,,Haiti
Haiti,HTI,1975,0.28,,Haiti
Haiti,HTI,1980,0.45,,Haiti
Haiti,HTI,1985,0.4,,Haiti
Haiti,HTI,1990,0.47,,Haiti
Haiti,HTI,1995,0.51,,Haiti
Haiti,HTI,2000,0.55,,Haiti
Haiti,HTI,2005,0.6,,Haiti
Haiti,HTI,2010,0.67,,Haiti
Honduras,HND,1970,0.4,,Honduras
Honduras,HND,1975,0.44,,Honduras
Honduras,HND,1980,1.08,,Honduras
Honduras,HND,1985,1.55,,Honduras
Honduras,HND,1990,1.75,,Honduras
Honduras,HND,1995,1.97,,Honduras
Honduras,HND,2000,2.39,,Honduras
Honduras,HND,2005,2.46,,Honduras
Honduras,HND,2010,1.93,,Honduras
Hong Kong,HKG,1970,1.36,,Hong Kong
Hong Kong,HKG,1975,1.63,,Hong Kong
Hong Kong,HKG,1980,3.33,,Hong Kong
Hong Kong,HKG,1985,4.11,,Hong Kong
Hong Kong,HKG,1990,7.32,,Hong Kong
Hong Kong,HKG,1995,9.26,,Hong Kong
Hong Kong,HKG,2000,10.28,,Hong Kong
Hong Kong,HKG,2005,19.38,,Hong Kong
Hong Kong,HKG,2010,15.22,,Hong Kong
Hungary,HUN,1970,4.02,,Hungary
Hungary,HUN,1975,5.13,,Hungary
Hungary,HUN,1980,6.5,,Hungary
Hungary,HUN,1985,7.27,,Hungary
Hungary,HUN,1990,7.48,,Hungary
Hungary,HUN,1995,8.52,,Hungary
Hungary,HUN,2000,9.36,,Hungary
Hungary,HUN,2005,12.57,,Hungary
Hungary,HUN,2010,15.38,,Hungary
Iceland,ISL,1970,2.72,,Iceland
Iceland,ISL,1975,3.53,,Iceland
Iceland,ISL,1980,4.62,,Iceland
Iceland,ISL,1985,5.7,,Iceland
Iceland,ISL,1990,6.94,,Iceland
Iceland,ISL,1995,8.54,,Iceland
Iceland,ISL,2000,10.71,,Iceland
Iceland,ISL,2005,14.08,,Iceland
Iceland,ISL,2010,17.89,,Iceland
India,IND,1970,0.62,,India
India,IND,1975,0.95,,India
India,IND,1980,1.22,,India
India,IND,1985,1.74,,India
India,IND,1990,2.23,,India
India,IND,1995,3.36,,India
India,IND,2000,4.01,,India
India,IND,2005,4.38,,India
India,IND,2010,4.85,,India
Indonesia,IDN,1970,0.17,,Indonesia
Indonesia,IDN,1975,0.24,,Indonesia
Indonesia,IDN,1980,0.25,,Indonesia
Indonesia,IDN,1985,0.81,,Indonesia
Indonesia,IDN,1990,0.98,,Indonesia
Indonesia,IDN,1995,1.15,,Indonesia
Indonesia,IDN,2000,1.21,,Indonesia
Indonesia,IDN,2005,2.67,,Indonesia
Indonesia,IDN,2010,3.73,,Indonesia
Iran,IRN,1970,0.94,,Iran
Iran,IRN,1975,1.53,,Iran
Iran,IRN,1980,1.9,,Iran
Iran,IRN,1985,2.55,,Iran
Iran,IRN,1990,4.13,,Iran
Iran,IRN,1995,6.36,,Iran
Iran,IRN,2000,8,,Iran
Iran,IRN,2005,9.74,,Iran
Iran,IRN,2010,14.66,,Iran
Iraq,IRQ,1970,1.11,,Iraq
Iraq,IRQ,1975,1.68,,Iraq
Iraq,IRQ,1980,2.15,,Iraq
Iraq,IRQ,1985,2.98,,Iraq
Iraq,IRQ,1990,3.8,,Iraq
Iraq,IRQ,1995,4.16,,Iraq
Iraq,IRQ,2000,5.34,,Iraq
Iraq,IRQ,2005,6.75,,Iraq
Iraq,IRQ,2010,8.77,,Iraq
Ireland,IRL,1970,3.23,,Ireland
Ireland,IRL,1975,4.42,,Ireland
Ireland,IRL,1980,6.02,,Ireland
Ireland,IRL,1985,8.33,,Ireland
Ireland,IRL,1990,10.61,,Ireland
Ireland,IRL,1995,14.07,,Ireland
Ireland,IRL,2000,16.37,,Ireland
Ireland,IRL,2005,20.47,,Ireland
Ireland,IRL,2010,26.8,,Ireland
Israel,ISR,1970,6.75,,Israel
Israel,ISR,1975,9.62,,Israel
Israel,ISR,1980,10.95,,Israel
Israel,ISR,1985,12.77,,Israel
Israel,ISR,1990,14.2,,Israel
Israel,ISR,1995,16.27,,Israel
Israel,ISR,2000,18.34,,Israel
Israel,ISR,2005,18.8,,Israel
Israel,ISR,2010,20.26,,Israel
Italy,ITA,1970,1.25,,Italy
Italy,ITA,1975,1.86,,Italy
Italy,ITA,1980,1.92,,Italy
Italy,ITA,1985,2.59,,Italy
Italy,ITA,1990,3.53,,Italy
Italy,ITA,1995,4.5,,Italy
Italy,ITA,2000,4.99,,Italy
Italy,ITA,2005,5.6,,Italy
Italy,ITA,2010,6.84,,Italy
Jamaica,JAM,1970,0.55,,Jamaica
Jamaica,JAM,1975,0.73,,Jamaica
Jamaica,JAM,1980,0.75,,Jamaica
Jamaica,JAM,1985,1.2,,Jamaica
Jamaica,JAM,1990,1.73,,Jamaica
Jamaica,JAM,1995,4.4,,Jamaica
Jamaica,JAM,2000,7.09,,Jamaica
Jamaica,JAM,2005,7.7,,Jamaica
Jamaica,JAM,2010,8.37,,Jamaica
Japan,JPN,1970,3.55,,Japan
Japan,JPN,1975,5.66,,Japan
Japan,JPN,1980,5.04,,Japan
Japan,JPN,1985,10.76,,Japan
Japan,JPN,1990,12.48,,Japan
Japan,JPN,1995,14.28,,Japan
Japan,JPN,2000,16.15,,Japan
Japan,JPN,2005,17.88,,Japan
Japan,JPN,2010,18.91,,Japan
Jordan,JOR,1970,1.76,,Jordan
Jordan,JOR,1975,2.73,,Jordan
Jordan,JOR,1980,2.91,,Jordan
Jordan,JOR,1985,3.81,,Jordan
Jordan,JOR,1990,3.48,,Jordan
Jordan,JOR,1995,3.62,,Jordan
Jordan,JOR,2000,3.74,,Jordan
Jordan,JOR,2005,3.98,,Jordan
Jordan,JOR,2010,3.8,,Jordan
Kazakhstan,KAZ,1970,3.94,,Kazakhstan
Kazakhstan,KAZ,1975,4.47,,Kazakhstan
Kazakhstan,KAZ,1980,4.99,,Kazakhstan
Kazakhstan,KAZ,1985,5.92,,Kazakhstan
Kazakhstan,KAZ,1990,5.84,,Kazakhstan
Kazakhstan,KAZ,1995,7.3,,Kazakhstan
Kazakhstan,KAZ,2000,8.42,,Kazakhstan
Kazakhstan,KAZ,2005,13.48,,Kazakhstan
Kazakhstan,KAZ,2010,14.03,,Kazakhstan
Kenya,KEN,1970,0.21,,Kenya
Kenya,KEN,1975,0.42,,Kenya
Kenya,KEN,1980,0.65,,Kenya
Kenya,KEN,1985,0.95,,Kenya
Kenya,KEN,1990,1.29,,Kenya
Kenya,KEN,1995,1.74,,Kenya
Kenya,KEN,2000,2.26,,Kenya
Kenya,KEN,2005,2.84,,Kenya
Kenya,KEN,2010,3.4,,Kenya
Kuwait,KWT,1970,1.82,,Kuwait
Kuwait,KWT,1975,2.54,,Kuwait
Kuwait,KWT,1980,3.96,,Kuwait
Kuwait,KWT,1985,6.1,,Kuwait
Kuwait,KWT,1990,6.1,,Kuwait
Kuwait,KWT,1995,6.3,,Kuwait
Kuwait,KWT,2000,5.39,,Kuwait
Kuwait,KWT,2005,4.18,,Kuwait
Kuwait,KWT,2010,4.28,,Kuwait
Kyrgyzstan,KGZ,1970,4.42,,Kyrgyzstan
Kyrgyzstan,KGZ,1975,4.93,,Kyrgyzstan
Kyrgyzstan,KGZ,1980,5.47,,Kyrgyzstan
Kyrgyzstan,KGZ,1985,6.54,,Kyrgyzstan
Kyrgyzstan,KGZ,1990,6.63,,Kyrgyzstan
Kyrgyzstan,KGZ,1995,6.61,,Kyrgyzstan
Kyrgyzstan,KGZ,2000,6.81,,Kyrgyzstan
Kyrgyzstan,KGZ,2005,7.56,,Kyrgyzstan
Kyrgyzstan,KGZ,2010,9,,Kyrgyzstan
Laos,LAO,1970,0.58,,Laos
Laos,LAO,1975,0.83,,Laos
Laos,LAO,1980,1.15,,Laos
Laos,LAO,1985,1.51,,Laos
Laos,LAO,1990,1.9,,Laos
Laos,LAO,1995,1.8,,Laos
Laos,LAO,2000,2,,Laos
Laos,LAO,2005,2.51,,Laos
Laos,LAO,2010,3.3,,Laos
Latvia,LVA,1970,4.8,,Latvia
Latvia,LVA,1975,5.41,,Latvia
Latvia,LVA,1980,6.05,,Latvia
Latvia,LVA,1985,7.2,,Latvia
Latvia,LVA,1990,7.01,,Latvia
Latvia,LVA,1995,8.36,,Latvia
Latvia,LVA,2000,7.73,,Latvia
Latvia,LVA,2005,9.76,,Latvia
Latvia,LVA,2010,12.42,,Latvia
Lesotho,LSO,1970,0.05,,Lesotho
Lesotho,LSO,1975,0.05,,Lesotho
Lesotho,LSO,1980,0.19,,Lesotho
Lesotho,LSO,1985,0.29,,Lesotho
Lesotho,LSO,1990,0.39,,Lesotho
Lesotho,LSO,1995,0.54,,Lesotho
Lesotho,LSO,2000,0.62,,Lesotho
Lesotho,LSO,2005,0.64,,Lesotho
Lesotho,LSO,2010,0.76,,Lesotho
Liberia,LBR,1970,0.66,,Liberia
Liberia,LBR,1975,0.87,,Liberia
Liberia,LBR,1980,0.93,,Liberia
Liberia,LBR,1985,1.14,,Liberia
Liberia,LBR,1990,1.44,,Liberia
Liberia,LBR,1995,1.69,,Liberia
Liberia,LBR,2000,2.35,,Liberia
Liberia,LBR,2005,2.41,,Liberia
Liberia,LBR,2010,1.9,,Liberia
Libya,LBY,1970,0.35,,Libya
Libya,LBY,1975,0.46,,Libya
Libya,LBY,1980,1.06,,Libya
Libya,LBY,1985,1.31,,Libya
Libya,LBY,1990,1.75,,Libya
Libya,LBY,1995,2.26,,Libya
Libya,LBY,2000,6.18,,Libya
Libya,LBY,2005,8.27,,Libya
Libya,LBY,2010,11.89,,Libya
Lithuania,LTU,1970,3.88,,Lithuania
Lithuania,LTU,1975,4.56,,Lithuania
Lithuania,LTU,1980,5.39,,Lithuania
Lithuania,LTU,1985,6.67,,Lithuania
Lithuania,LTU,1990,6.41,,Lithuania
Lithuania,LTU,1995,7.75,,Lithuania
Lithuania,LTU,2000,8.58,,Lithuania
Lithuania,LTU,2005,13.51,,Lithuania
Lithuania,LTU,2010,15.6,,Lithuania
Luxembourg,LUX,1970,3.34,,Luxembourg
Luxembourg,LUX,1975,4.66,,Luxembourg
Luxembourg,LUX,1980,5.34,,Luxembourg
Luxembourg,LUX,1985,5.96,,Luxembourg
Luxembourg,LUX,1990,7.03,,Luxembourg
Luxembourg,LUX,1995,8.3,,Luxembourg
Luxembourg,LUX,2000,9.35,,Luxembourg
Luxembourg,LUX,2005,13.29,,Luxembourg
Luxembourg,LUX,2010,18.54,,Luxembourg
Macao,MAC,1970,0.71,,Macao
Macao,MAC,1975,1.32,,Macao
Macao,MAC,1980,1.93,,Macao
Macao,MAC,1985,2.71,,Macao
Macao,MAC,1990,3.3,,Macao
Macao,MAC,1995,4.98,,Macao
Macao,MAC,2000,5.61,,Macao
Macao,MAC,2005,6.9,,Macao
Macao,MAC,2010,10.43,,Macao
Malawi,MWI,1970,0.1,,Malawi
Malawi,MWI,1975,0.15,,Malawi
Malawi,MWI,1980,0.16,,Malawi
Malawi,MWI,1985,0.25,,Malawi
Malawi,MWI,1990,0.23,,Malawi
Malawi,MWI,1995,0.25,,Malawi
Malawi,MWI,2000,0.21,,Malawi
Malawi,MWI,2005,0.18,,Malawi
Malawi,MWI,2010,0.15,,Malawi
Malaysia,MYS,1970,0.61,,Malaysia
Malaysia,MYS,1975,0.66,,Malaysia
Malaysia,MYS,1980,0.87,,Malaysia
Malaysia,MYS,1985,1.98,,Malaysia
Malaysia,MYS,1990,2.32,,Malaysia
Malaysia,MYS,1995,2.89,,Malaysia
Malaysia,MYS,2000,3.18,,Malaysia
Malaysia,MYS,2005,4.45,,Malaysia
Malaysia,MYS,2010,5.81,,Malaysia
Maldives,MDV,1970,0.11,,Maldives
Maldives,MDV,1975,0.11,,Maldives
Maldives,MDV,1980,0.18,,Maldives
Maldives,MDV,1985,0.23,,Maldives
Maldives,MDV,1990,0.26,,Maldives
Maldives,MDV,1995,0.25,,Maldives
Maldives,MDV,2000,0.16,,Maldives
Maldives,MDV,2005,0.26,,Maldives
Maldives,MDV,2010,0.25,,Maldives
Mali,MLI,1970,0.1,,Mali
Mali,MLI,1975,0.14,,Mali
Mali,MLI,1980,0.16,,Mali
Mali,MLI,1985,0.23,,Mali
Mali,MLI,1990,0.27,,Mali
Mali,MLI,1995,0.33,,Mali
Mali,MLI,2000,0.5,,Mali
Mali,MLI,2005,0.68,,Mali
Mali,MLI,2010,0.78,,Mali
Malta,MLT,1970,2.62,,Malta
Malta,MLT,1975,3.31,,Malta
Malta,MLT,1980,3.81,,Malta
Malta,MLT,1985,4.4,,Malta
Malta,MLT,1990,5.39,,Malta
Malta,MLT,1995,6.5,,Malta
Malta,MLT,2000,7.4,,Malta
Malta,MLT,2005,7.58,,Malta
Malta,MLT,2010,10.52,,Malta
Mauritania,MRT,1970,0.23,,Mauritania
Mauritania,MRT,1975,0.3,,Mauritania
Mauritania,MRT,1980,0.43,,Mauritania
Mauritania,MRT,1985,0.57,,Mauritania
Mauritania,MRT,1990,0.64,,Mauritania
Mauritania,MRT,1995,0.93,,Mauritania
Mauritania,MRT,2000,1.17,,Mauritania
Mauritania,MRT,2005,1.11,,Mauritania
Mauritania,MRT,2010,0.97,,Mauritania
Mauritius,MUS,1970,0.36,,Mauritius
Mauritius,MUS,1975,0.51,,Mauritius
Mauritius,MUS,1980,0.77,,Mauritius
Mauritius,MUS,1985,1.11,,Mauritius
Mauritius,MUS,1990,0.63,,Mauritius
Mauritius,MUS,1995,0.83,,Mauritius
Mauritius,MUS,2000,0.89,,Mauritius
Mauritius,MUS,2005,1.6,,Mauritius
Mauritius,MUS,2010,1.88,,Mauritius
Mexico,MEX,1970,1.55,,Mexico
Mexico,MEX,1975,2.41,,Mexico
Mexico,MEX,1980,3.36,,Mexico
Mexico,MEX,1985,3.58,,Mexico
Mexico,MEX,1990,3.87,,Mexico
Mexico,MEX,1995,5.12,,Mexico
Mexico,MEX,2000,6.84,,Mexico
Mexico,MEX,2005,8.41,,Mexico
Mexico,MEX,2010,9.81,,Mexico
Moldova,MDA,1970,3.57,,Moldova
Moldova,MDA,1975,4.19,,Moldova
Moldova,MDA,1980,4.78,,Moldova
Moldova,MDA,1985,5.67,,Moldova
Moldova,MDA,1990,5.94,,Moldova
Moldova,MDA,1995,6.17,,Moldova
Moldova,MDA,2000,6.68,,Moldova
Moldova,MDA,2005,6.57,,Moldova
Moldova,MDA,2010,8.76,,Moldova
Mongolia,MNG,1970,4.83,,Mongolia
Mongolia,MNG,1975,7.97,,Mongolia
Mongolia,MNG,1980,8.63,,Mongolia
Mongolia,MNG,1985,9.02,,Mongolia
Mongolia,MNG,1990,8.08,,Mongolia
Mongolia,MNG,1995,9.2,,Mongolia
Mongolia,MNG,2000,8.16,,Mongolia
Mongolia,MNG,2005,15.61,,Mongolia
Mongolia,MNG,2010,19.66,,Mongolia
Morocco,MAR,1970,0.17,,Morocco
Morocco,MAR,1975,0.59,,Morocco
Morocco,MAR,1980,0.7,,Morocco
Morocco,MAR,1985,2.21,,Morocco
Morocco,MAR,1990,2.98,,Morocco
Morocco,MAR,1995,3.69,,Morocco
Morocco,MAR,2000,4.07,,Morocco
Morocco,MAR,2005,4.67,,Morocco
Morocco,MAR,2010,5.35,,Morocco
Mozambique,MOZ,1970,0.05,,Mozambique
Mozambique,MOZ,1975,0.03,,Mozambique
Mozambique,MOZ,1980,0.02,,Mozambique
Mozambique,MOZ,1985,0.07,,Mozambique
Mozambique,MOZ,1990,0.13,,Mozambique
Mozambique,MOZ,1995,0.14,,Mozambique
Mozambique,MOZ,2000,0.2,,Mozambique
Mozambique,MOZ,2005,0.23,,Mozambique
Mozambique,MOZ,2010,0.26,,Mozambique
Myanmar,MMR,1970,0.18,,Myanmar
Myanmar,MMR,1975,0.09,,Myanmar
Myanmar,MMR,1980,0.74,,Myanmar
Myanmar,MMR,1985,1.07,,Myanmar
Myanmar,MMR,1990,2.14,,Myanmar
Myanmar,MMR,1995,2.35,,Myanmar
Myanmar,MMR,2000,2.94,,Myanmar
Myanmar,MMR,2005,3.88,,Myanmar
Myanmar,MMR,2010,5.15,,Myanmar
Namibia,NAM,1970,0.92,,Namibia
Namibia,NAM,1975,0.97,,Namibia
Namibia,NAM,1980,1.02,,Namibia
Namibia,NAM,1985,1.17,,Namibia
Namibia,NAM,1990,1.29,,Namibia
Namibia,NAM,1995,1.24,,Namibia
Namibia,NAM,2000,1.25,,Namibia
Namibia,NAM,2005,0.94,,Namibia
Namibia,NAM,2010,0.76,,Namibia
Nepal,NPL,1970,0.16,,Nepal
Nepal,NPL,1975,0.39,,Nepal
Nepal,NPL,1980,0.6,,Nepal
Nepal,NPL,1985,1.41,,Nepal
Nepal,NPL,1990,2.12,,Nepal
Nepal,NPL,1995,2.1,,Nepal
Nepal,NPL,2000,1.81,,Nepal
Nepal,NPL,2005,1.76,,Nepal
Nepal,NPL,2010,1.75,,Nepal
Netherlands,NLD,1970,3.31,,Netherlands
Netherlands,NLD,1975,4.79,,Netherlands
Netherlands,NLD,1980,6.19,,Netherlands
Netherlands,NLD,1985,7.84,,Netherlands
Netherlands,NLD,1990,9.69,,Netherlands
Netherlands,NLD,1995,11.38,,Netherlands
Netherlands,NLD,2000,11.81,,Netherlands
Netherlands,NLD,2005,13.63,,Netherlands
Netherlands,NLD,2010,15.63,,Netherlands
New Zealand,NZL,1970,6.72,,New Zealand
New Zealand,NZL,1975,9.29,,New Zealand
New Zealand,NZL,1980,12.47,,New Zealand
New Zealand,NZL,1985,14.66,,New Zealand
New Zealand,NZL,1990,16.71,,New Zealand
New Zealand,NZL,1995,17.39,,New Zealand
New Zealand,NZL,2000,17.86,,New Zealand
New Zealand,NZL,2005,18.57,,New Zealand
New Zealand,NZL,2010,15.5,,New Zealand
Nicaragua,NIC,1970,5.18,,Nicaragua
Nicaragua,NIC,1975,6.02,,Nicaragua
Nicaragua,NIC,1980,7.73,,Nicaragua
Nicaragua,NIC,1985,8.14,,Nicaragua
Nicaragua,NIC,1990,8.16,,Nicaragua
Nicaragua,NIC,1995,8.37,,Nicaragua
Nicaragua,NIC,2000,9.28,,Nicaragua
Nicaragua,NIC,2005,9.32,,Nicaragua
Nicaragua,NIC,2010,10.33,,Nicaragua
Niger,NER,1970,0.1,,Niger
Niger,NER,1975,0.13,,Niger
Niger,NER,1980,0.16,,Niger
Niger,NER,1985,0.23,,Niger
Niger,NER,1990,0.29,,Niger
Niger,NER,1995,0.36,,Niger
Niger,NER,2000,0.42,,Niger
Niger,NER,2005,0.47,,Niger
Niger,NER,2010,0.51,,Niger
Norway,NOR,1970,2.91,,Norway
Norway,NOR,1975,3.31,,Norway
Norway,NOR,1980,4.38,,Norway
Norway,NOR,1985,5.55,,Norway
Norway,NOR,1990,7.85,,Norway
Norway,NOR,1995,8.81,,Norway
Norway,NOR,2000,10,,Norway
Norway,NOR,2005,11.14,,Norway
Norway,NOR,2010,12.16,,Norway
Pakistan,PAK,1970,1.16,,Pakistan
Pakistan,PAK,1975,1.24,,Pakistan
Pakistan,PAK,1980,1.48,,Pakistan
Pakistan,PAK,1985,1.62,,Pakistan
Pakistan,PAK,1990,1.92,,Pakistan
Pakistan,PAK,1995,4.11,,Pakistan
Pakistan,PAK,2000,6.09,,Pakistan
Pakistan,PAK,2005,4.02,,Pakistan
Pakistan,PAK,2010,4.43,,Pakistan
Panama,PAN,1970,2.1,,Panama
Panama,PAN,1975,2.98,,Panama
Panama,PAN,1980,3.57,,Panama
Panama,PAN,1985,4.71,,Panama
Panama,PAN,1990,5.91,,Panama
Panama,PAN,1995,8.82,,Panama
Panama,PAN,2000,12.53,,Panama
Panama,PAN,2005,13.51,,Panama
Panama,PAN,2010,14.37,,Panama
Papua New Guinea,PNG,1970,0.08,,Papua New Guinea
Papua New Guinea,PNG,1975,0.17,,Papua New Guinea
Papua New Guinea,PNG,1980,0.26,,Papua New Guinea
Papua New Guinea,PNG,1985,0.3,,Papua New Guinea
Papua New Guinea,PNG,1990,0.36,,Papua New Guinea
Papua New Guinea,PNG,1995,0.6,,Papua New Guinea
Papua New Guinea,PNG,2000,0.63,,Papua New Guinea
Papua New Guinea,PNG,2005,0.6,,Papua New Guinea
Papua New Guinea,PNG,2010,0.54,,Papua New Guinea
Paraguay,PRY,1970,1.18,,Paraguay
Paraguay,PRY,1975,1.37,,Paraguay
Paraguay,PRY,1980,1.97,,Paraguay
Paraguay,PRY,1985,2.53,,Paraguay
Paraguay,PRY,1990,3.36,,Paraguay
Paraguay,PRY,1995,3.44,,Paraguay
Paraguay,PRY,2000,3.74,,Paraguay
Paraguay,PRY,2005,1.51,,Paraguay
Paraguay,PRY,2010,3.88,,Paraguay
Peru,PER,1970,3.05,,Peru
Peru,PER,1975,5.07,,Peru
Peru,PER,1980,6.93,,Peru
Peru,PER,1985,9.71,,Peru
Peru,PER,1990,13.79,,Peru
Peru,PER,1995,15.53,,Peru
Peru,PER,2000,20.54,,Peru
Peru,PER,2005,24.37,,Peru
Peru,PER,2010,12.27,,Peru
Philippines,PHL,1970,7.75,,Philippines
Philippines,PHL,1975,6.14,,Philippines
Philippines,PHL,1980,8.24,,Philippines
Philippines,PHL,1985,7.13,,Philippines
Philippines,PHL,1990,6.73,,Philippines
Philippines,PHL,1995,6.71,,Philippines
Philippines,PHL,2000,6.55,,Philippines
Philippines,PHL,2005,5.94,,Philippines
Philippines,PHL,2010,5.48,,Philippines
Poland,POL,1970,2.74,,Poland
Poland,POL,1975,2.87,,Poland
Poland,POL,1980,2.6,,Poland
Poland,POL,1985,3.52,,Poland
Poland,POL,1990,3.41,,Poland
Poland,POL,1995,5.47,,Poland
Poland,POL,2000,6.16,,Poland
Poland,POL,2005,9.78,,Poland
Poland,POL,2010,11.37,,Poland
Portugal,PRT,1970,0.65,,Portugal
Portugal,PRT,1975,1.06,,Portugal
Portugal,PRT,1980,1.36,,Portugal
Portugal,PRT,1985,2.19,,Portugal
Portugal,PRT,1990,2.88,,Portugal
Portugal,PRT,1995,3.77,,Portugal
Portugal,PRT,2000,4.28,,Portugal
Portugal,PRT,2005,3.04,,Portugal
Portugal,PRT,2010,3.26,,Portugal
Qatar,QAT,1970,5.63,,Qatar
Qatar,QAT,1975,5.9,,Qatar
Qatar,QAT,1980,6.49,,Qatar
Qatar,QAT,1985,7.15,,Qatar
Qatar,QAT,1990,7.82,,Qatar
Qatar,QAT,1995,8.37,,Qatar
Qatar,QAT,2000,9.8,,Qatar
Qatar,QAT,2005,10.55,,Qatar
Qatar,QAT,2010,10.05,,Qatar
Romania,ROU,1970,2.09,,Romania
Romania,ROU,1975,2.23,,Romania
Romania,ROU,1980,2.62,,Romania
Romania,ROU,1985,3.05,,Romania
Romania,ROU,1990,3.33,,Romania
Romania,ROU,1995,4.23,,Romania
Romania,ROU,2000,4.76,,Romania
Romania,ROU,2005,6.31,,Romania
Romania,ROU,2010,6.61,,Romania
Russia,RUS,1970,2.36,,Russia
Russia,RUS,1975,4.02,,Russia
Russia,RUS,1980,6.18,,Russia
Russia,RUS,1985,9.81,,Russia
Russia,RUS,1990,12.99,,Russia
Russia,RUS,1995,13.3,,Russia
Russia,RUS,2000,19.31,,Russia
Russia,RUS,2005,21.77,,Russia
Russia,RUS,2010,24.74,,Russia
Rwanda,RWA,1970,0.08,,Rwanda
Rwanda,RWA,1975,0.1,,Rwanda
Rwanda,RWA,1980,0.09,,Rwanda
Rwanda,RWA,1985,0.1,,Rwanda
Rwanda,RWA,1990,0.12,,Rwanda
Rwanda,RWA,1995,0.14,,Rwanda
Rwanda,RWA,2000,0.22,,Rwanda
Rwanda,RWA,2005,0.33,,Rwanda
Rwanda,RWA,2010,0.53,,Rwanda
Saudi Arabia,SAU,1970,2.56,,Saudi Arabia
Saudi Arabia,SAU,1975,3.12,,Saudi Arabia
Saudi Arabia,SAU,1980,3.73,,Saudi Arabia
Saudi Arabia,SAU,1985,4.71,,Saudi Arabia
Saudi Arabia,SAU,1990,5.45,,Saudi Arabia
Saudi Arabia,SAU,1995,6.15,,Saudi Arabia
Saudi Arabia,SAU,2000,6.91,,Saudi Arabia
Saudi Arabia,SAU,2005,6.5,,Saudi Arabia
Saudi Arabia,SAU,2010,6.67,,Saudi Arabia
Senegal,SEN,1970,0.31,,Senegal
Senegal,SEN,1975,0.43,,Senegal
Senegal,SEN,1980,0.57,,Senegal
Senegal,SEN,1985,0.68,,Senegal
Senegal,SEN,1990,0.74,,Senegal
Senegal,SEN,1995,0.72,,Senegal
Senegal,SEN,2000,0.53,,Senegal
Senegal,SEN,2005,0.29,,Senegal
Senegal,SEN,2010,1.25,,Senegal
Serbia,SRB,1970,1.79,,Serbia
Serbia,SRB,1975,2.77,,Serbia
Serbia,SRB,1980,3.21,,Serbia
Serbia,SRB,1985,4.06,,Serbia
Serbia,SRB,1990,4.35,,Serbia
Serbia,SRB,1995,6.1,,Serbia
Serbia,SRB,2000,6.79,,Serbia
Serbia,SRB,2005,8.47,,Serbia
Serbia,SRB,2010,8.97,,Serbia
Sierra Leone,SLE,1970,0.16,,Sierra Leone
Sierra Leone,SLE,1975,0.18,,Sierra Leone
Sierra Leone,SLE,1980,0.19,,Sierra Leone
Sierra Leone,SLE,1985,0.33,,Sierra Leone
Sierra Leone,SLE,1990,0.38,,Sierra Leone
Sierra Leone,SLE,1995,0.45,,Sierra Leone
Sierra Leone,SLE,2000,0.55,,Sierra Leone
Sierra Leone,SLE,2005,0.67,,Sierra Leone
Sierra Leone,SLE,2010,1.22,,Sierra Leone
Singapore,SGP,1970,1.33,,Singapore
Singapore,SGP,1975,2.03,,Singapore
Singapore,SGP,1980,2.44,,Singapore
Singapore,SGP,1985,2.73,,Singapore
Singapore,SGP,1990,2.6,,Singapore
Singapore,SGP,1995,8.85,,Singapore
Singapore,SGP,2000,13.79,,Singapore
Singapore,SGP,2005,13.7,,Singapore
Singapore,SGP,2010,29.71,,Singapore
Slovakia,SVK,1970,1.7,,Slovakia
Slovakia,SVK,1975,2.41,,Slovakia
Slovakia,SVK,1980,2.56,,Slovakia
Slovakia,SVK,1985,3.71,,Slovakia
Slovakia,SVK,1990,3.95,,Slovakia
Slovakia,SVK,1995,5.01,,Slovakia
Slovakia,SVK,2000,4.69,,Slovakia
Slovakia,SVK,2005,7.27,,Slovakia
Slovakia,SVK,2010,8.76,,Slovakia
Slovenia,SVN,1970,1.84,,Slovenia
Slovenia,SVN,1975,2.86,,Slovenia
Slovenia,SVN,1980,3.36,,Slovenia
Slovenia,SVN,1985,4.76,,Slovenia
Slovenia,SVN,1990,5.45,,Slovenia
Slovenia,SVN,1995,7.22,,Slovenia
Slovenia,SVN,2000,7.99,,Slovenia
Slovenia,SVN,2005,10.68,,Slovenia
Slovenia,SVN,2010,13.25,,Slovenia
South Africa,ZAF,1970,0.33,,South Africa
South Africa,ZAF,1975,0.21,,South Africa
South Africa,ZAF,1980,0.16,,South Africa
South Africa,ZAF,1985,0.16,,South Africa
South Africa,ZAF,1990,0.42,,South Africa
South Africa,ZAF,1995,0.53,,South Africa
South Africa,ZAF,2000,0.53,,South Africa
South Africa,ZAF,2005,0.36,,South Africa
South Africa,ZAF,2010,0.32,,South Africa
South Korea,KOR,1970,3.16,,South Korea
South Korea,KOR,1975,3.47,,South Korea
South Korea,KOR,1980,4.76,,South Korea
South Korea,KOR,1985,7.18,,South Korea
South Korea,KOR,1990,9.4,,South Korea
South Korea,KOR,1995,12.9,,South Korea
South Korea,KOR,2000,19.08,,South Korea
South Korea,KOR,2005,22.09,,South Korea
South Korea,KOR,2010,30.04,,South Korea
Spain,ESP,1970,2.28,,Spain
Spain,ESP,1975,3.3,,Spain
Spain,ESP,1980,4.59,,Spain
Spain,ESP,1985,4.57,,Spain
Spain,ESP,1990,4.23,,Spain
Spain,ESP,1995,8.01,,Spain
Spain,ESP,2000,10.69,,Spain
Spain,ESP,2005,13.53,,Spain
Spain,ESP,2010,14.96,,Spain
Sri Lanka,LKA,1970,0.63,,Sri Lanka
Sri Lanka,LKA,1975,0.55,,Sri Lanka
Sri Lanka,LKA,1980,0.42,,Sri Lanka
Sri Lanka,LKA,1985,1.56,,Sri Lanka
Sri Lanka,LKA,1990,3.15,,Sri Lanka
Sri Lanka,LKA,1995,5.25,,Sri Lanka
Sri Lanka,LKA,2000,7.65,,Sri Lanka
Sri Lanka,LKA,2005,8.6,,Sri Lanka
Sri Lanka,LKA,2010,8.51,,Sri Lanka
Sudan,SDN,1970,0.38,,Sudan
Sudan,SDN,1975,0.41,,Sudan
Sudan,SDN,1980,0.38,,Sudan
Sudan,SDN,1985,0.3,,Sudan
Sudan,SDN,1990,0.38,,Sudan
Sudan,SDN,1995,0.54,,Sudan
Sudan,SDN,2000,0.87,,Sudan
Sudan,SDN,2005,1.24,,Sudan
Sudan,SDN,2010,1.87,,Sudan
Swaziland,SWZ,1970,0.66,,Swaziland
Swaziland,SWZ,1975,1.1,,Swaziland
Swaziland,SWZ,1980,1.63,,Swaziland
Swaziland,SWZ,1985,2.09,,Swaziland
Swaziland,SWZ,1990,1.62,,Swaziland
Swaziland,SWZ,1995,1.35,,Swaziland
Swaziland,SWZ,2000,0.94,,Swaziland
Swaziland,SWZ,2005,0.02,,Swaziland
Swaziland,SWZ,2010,1.64,,Swaziland
Sweden,SWE,1970,3.75,,Sweden
Sweden,SWE,1975,6.39,,Sweden
Sweden,SWE,1980,7.88,,Sweden
Sweden,SWE,1985,9.13,,Sweden
Sweden,SWE,1990,10.61,,Sweden
Sweden,SWE,1995,11.6,,Sweden
Sweden,SWE,2000,13.51,,Sweden
Sweden,SWE,2005,14.32,,Sweden
Sweden,SWE,2010,14.93,,Sweden
Switzerland,CHE,1970,5.52,,Switzerland
Switzerland,CHE,1975,5.77,,Switzerland
Switzerland,CHE,1980,6.07,,Switzerland
Switzerland,CHE,1985,7.23,,Switzerland
Switzerland,CHE,1990,8.77,,Switzerland
Switzerland,CHE,1995,9.83,,Switzerland
Switzerland,CHE,2000,10.02,,Switzerland
Switzerland,CHE,2005,12.8,,Switzerland
Switzerland,CHE,2010,17.88,,Switzerland
Syria,SYR,1970,0.48,,Syria
Syria,SYR,1975,0.91,,Syria
Syria,SYR,1980,1.6,,Syria
Syria,SYR,1985,2.06,,Syria
Syria,SYR,1990,2.36,,Syria
Syria,SYR,1995,2.27,,Syria
Syria,SYR,2000,1.9,,Syria
Syria,SYR,2005,2.33,,Syria
Syria,SYR,2010,2.55,,Syria
Tajikistan,TJK,1970,3.55,,Tajikistan
Tajikistan,TJK,1975,4.1,,Tajikistan
Tajikistan,TJK,1980,4.8,,Tajikistan
Tajikistan,TJK,1985,4.97,,Tajikistan
Tajikistan,TJK,1990,4.78,,Tajikistan
Tajikistan,TJK,1995,4.85,,Tajikistan
Tajikistan,TJK,2000,4.1,,Tajikistan
Tajikistan,TJK,2005,3.7,,Tajikistan
Tajikistan,TJK,2010,3.74,,Tajikistan
Tanzania,TZA,1970,0.14,,Tanzania
Tanzania,TZA,1975,0.18,,Tanzania
Tanzania,TZA,1980,0.24,,Tanzania
Tanzania,TZA,1985,0.3,,Tanzania
Tanzania,TZA,1990,0.34,,Tanzania
Tanzania,TZA,1995,0.4,,Tanzania
Tanzania,TZA,2000,0.37,,Tanzania
Tanzania,TZA,2005,0.34,,Tanzania
Tanzania,TZA,2010,0.36,,Tanzania
Thailand,THA,1970,0.66,,Thailand
Thailand,THA,1975,1.41,,Thailand
Thailand,THA,1980,2.78,,Thailand
Thailand,THA,1985,3.65,,Thailand
Thailand,THA,1990,4.86,,Thailand
Thailand,THA,1995,3.92,,Thailand
Thailand,THA,2000,4.62,,Thailand
Thailand,THA,2005,9.02,,Thailand
Thailand,THA,2010,10.47,,Thailand
Togo,TGO,1970,0.06,,Togo
Togo,TGO,1975,0.39,,Togo
Togo,TGO,1980,0.67,,Togo
Togo,TGO,1985,0.76,,Togo
Togo,TGO,1990,0.83,,Togo
Togo,TGO,1995,0.9,,Togo
Togo,TGO,2000,1.05,,Togo
Togo,TGO,2005,1.29,,Togo
Togo,TGO,2010,1.51,,Togo
Tonga,TON,1970,0.91,,Tonga
Tonga,TON,1975,1.05,,Tonga
Tonga,TON,1980,1.19,,Tonga
Tonga,TON,1985,1.2,,Tonga
Tonga,TON,1990,2.47,,Tonga
Tonga,TON,1995,3.28,,Tonga
Tonga,TON,2000,4.55,,Tonga
Tonga,TON,2005,5.69,,Tonga
Tonga,TON,2010,2.91,,Tonga
Trinidad and Tobago,TTO,1970,0.57,,Trinidad and Tobago
Trinidad and Tobago,TTO,1975,1.1,,Trinidad and Tobago
Trinidad and Tobago,TTO,1980,1.59,,Trinidad and Tobago
Trinidad and Tobago,TTO,1985,1.66,,Trinidad and Tobago
Trinidad and Tobago,TTO,1990,1.9,,Trinidad and Tobago
Trinidad and Tobago,TTO,1995,2.65,,Trinidad and Tobago
Trinidad and Tobago,TTO,2000,3.28,,Trinidad and Tobago
Trinidad and Tobago,TTO,2005,4.72,,Trinidad and Tobago
Trinidad and Tobago,TTO,2010,6.48,,Trinidad and Tobago
Tunisia,TUN,1970,0.53,,Tunisia
Tunisia,TUN,1975,0.54,,Tunisia
Tunisia,TUN,1980,0.93,,Tunisia
Tunisia,TUN,1985,1.38,,Tunisia
Tunisia,TUN,1990,2.05,,Tunisia
Tunisia,TUN,1995,2.48,,Tunisia
Tunisia,TUN,2000,3.77,,Tunisia
Tunisia,TUN,2005,5.71,,Tunisia
Tunisia,TUN,2010,7.38,,Tunisia
Turkey,TUR,1970,0.74,,Turkey
Turkey,TUR,1975,0.73,,Turkey
Turkey,TUR,1980,1.58,,Turkey
Turkey,TUR,1985,6.24,,Turkey
Turkey,TUR,1990,5.78,,Turkey
Turkey,TUR,1995,5.31,,Turkey
Turkey,TUR,2000,4.91,,Turkey
Turkey,TUR,2005,4.21,,Turkey
Turkey,TUR,2010,5.28,,Turkey
Uganda,UGA,1970,0.07,,Uganda
Uganda,UGA,1975,0.11,,Uganda
Uganda,UGA,1980,0.15,,Uganda
Uganda,UGA,1985,0.19,,Uganda
Uganda,UGA,1990,0.19,,Uganda
Uganda,UGA,1995,1.26,,Uganda
Uganda,UGA,2000,1.75,,Uganda
Uganda,UGA,2005,1.56,,Uganda
Uganda,UGA,2010,1.23,,Uganda
Ukraine,UKR,1970,3.12,,Ukraine
Ukraine,UKR,1975,4.4,,Ukraine
Ukraine,UKR,1980,6.14,,Ukraine
Ukraine,UKR,1985,9.41,,Ukraine
Ukraine,UKR,1990,12.36,,Ukraine
Ukraine,UKR,1995,16.55,,Ukraine
Ukraine,UKR,2000,20.43,,Ukraine
Ukraine,UKR,2005,22.33,,Ukraine
Ukraine,UKR,2010,24.55,,Ukraine
United Arab Emirates,ARE,1970,2.55,,United Arab Emirates
United Arab Emirates,ARE,1975,2.5,,United Arab Emirates
United Arab Emirates,ARE,1980,3.21,,United Arab Emirates
United Arab Emirates,ARE,1985,4.75,,United Arab Emirates
United Arab Emirates,ARE,1990,6.42,,United Arab Emirates
United Arab Emirates,ARE,1995,8.66,,United Arab Emirates
United Arab Emirates,ARE,2000,9.7,,United Arab Emirates
United Arab Emirates,ARE,2005,9.01,,United Arab Emirates
United Arab Emirates,ARE,2010,8.54,,United Arab Emirates
United Kingdom,GBR,1970,4.42,,United Kingdom
United Kingdom,GBR,1975,5.53,,United Kingdom
United Kingdom,GBR,1980,5.5,,United Kingdom
United Kingdom,GBR,1985,6.22,,United Kingdom
United Kingdom,GBR,1990,9,,United Kingdom
United Kingdom,GBR,1995,11.1,,United Kingdom
United Kingdom,GBR,2000,12.83,,United Kingdom
United Kingdom,GBR,2005,13.77,,United Kingdom
United Kingdom,GBR,2010,15.31,,United Kingdom
United States,USA,1970,11.39,,United States
United States,USA,1975,13.3,,United States
United States,USA,1980,16.74,,United States
United States,USA,1985,18.51,,United States
United States,USA,1990,20.71,,United States
United States,USA,1995,20.4,,United States
United States,USA,2000,22.97,,United States
United States,USA,2005,22.39,,United States
United States,USA,2010,26.76,,United States
Uruguay,URY,1970,1.54,,Uruguay
Uruguay,URY,1975,2.13,,Uruguay
Uruguay,URY,1980,2.65,,Uruguay
Uruguay,URY,1985,3.38,,Uruguay
Uruguay,URY,1990,4.22,,Uruguay
Uruguay,URY,1995,5.46,,Uruguay
Uruguay,URY,2000,4.5,,Uruguay
Uruguay,URY,2005,3.67,,Uruguay
Uruguay,URY,2010,3.5,,Uruguay
Venezuela,VEN,1970,1.01,,Venezuela
Venezuela,VEN,1975,1.77,,Venezuela
Venezuela,VEN,1980,2.45,,Venezuela
Venezuela,VEN,1985,2.49,,Venezuela
Venezuela,VEN,1990,2.43,,Venezuela
Venezuela,VEN,1995,2.52,,Venezuela
Venezuela,VEN,2000,2.7,,Venezuela
Venezuela,VEN,2005,2.97,,Venezuela
Venezuela,VEN,2010,2.96,,Venezuela
Vietnam,VNM,1970,0.44,,Vietnam
Vietnam,VNM,1975,0.5,,Vietnam
Vietnam,VNM,1980,0.46,,Vietnam
Vietnam,VNM,1985,0.88,,Vietnam
Vietnam,VNM,1990,1.02,,Vietnam
Vietnam,VNM,1995,1.56,,Vietnam
Vietnam,VNM,2000,2.21,,Vietnam
Vietnam,VNM,2005,2.99,,Vietnam
Vietnam,VNM,2010,3.27,,Vietnam
Yemen,YEM,1970,0.02,,Yemen
Yemen,YEM,1975,0.05,,Yemen
Yemen,YEM,1980,0.07,,Yemen
Yemen,YEM,1985,0.21,,Yemen
Yemen,YEM,1990,0.4,,Yemen
Yemen,YEM,1995,0.72,,Yemen
Yemen,YEM,2000,0.94,,Yemen
Yemen,YEM,2005,1.21,,Yemen
Yemen,YEM,2010,1.5,,Yemen
Zambia,ZMB,1970,0.2,,Zambia
Zambia,ZMB,1975,0.21,,Zambia
Zambia,ZMB,1980,0.15,,Zambia
Zambia,ZMB,1985,0.16,,Zambia
Zambia,ZMB,1990,0.12,,Zambia
Zambia,ZMB,1995,0.79,,Zambia
Zambia,ZMB,2000,0.77,,Zambia
Zambia,ZMB,2005,0.61,,Zambia
Zambia,ZMB,2010,0.49,,Zambia
Zimbabwe,ZWE,1970,1.08,,Zimbabwe
Zimbabwe,ZWE,1975,1.29,,Zimbabwe
Zimbabwe,ZWE,1980,1.61,,Zimbabwe
Zimbabwe,ZWE,1985,2.01,,Zimbabwe
Zimbabwe,ZWE,1990,1.83,,Zimbabwe
Zimbabwe,ZWE,1995,1.32,,Zimbabwe
Zimbabwe,ZWE,2000,0.53,,Zimbabwe
Zimbabwe,ZWE,2005,0.44,,Zimbabwe
Zimbabwe,ZWE,2010,0.38,,Zimbabwe
